Indicator,Group,State,Subgroup,Phase,Time Period,Time Period Label,Time Period Start Date,Date,Value,Low CI,High CI,Confidence Interval,Quartile Range
Symptoms of Depressive Disorder,By Age,United States,18 - 29 years,1.0,1,"Apr 23 - May 5, 2020",04/23/2020,2020-05-05,32.7,30.2,35.2,30.2 - 35.2,NA
Symptoms of Depressive Disorder,By Age,United States,30 - 39 years,1.0,1,"Apr 23 - May 5, 2020",04/23/2020,2020-05-05,25.7,24.1,27.3,24.1 - 27.3,NA
Symptoms of Depressive Disorder,By Age,United States,40 - 49 years,1.0,1,"Apr 23 - May 5, 2020",04/23/2020,2020-05-05,24.8,23.3,26.2,23.3 - 26.2,NA
Symptoms of Depressive Disorder,By Age,United States,50 - 59 years,1.0,1,"Apr 23 - May 5, 2020",04/23/2020,2020-05-05,23.2,21.5,25,21.5 - 25.0,NA
Symptoms of Depressive Disorder,By Age,United States,60 - 69 years,1.0,1,"Apr 23 - May 5, 2020",04/23/2020,2020-05-05,18.4,17,19.7,17.0 - 19.7,NA
Symptoms of Depressive Disorder,By Age,United States,70 - 79 years,1.0,1,"Apr 23 - May 5, 2020",04/23/2020,2020-05-05,13.6,11.8,15.5,11.8 - 15.5,NA
Symptoms of Depressive Disorder,By Age,United States,80 years and above,1.0,1,"Apr 23 - May 5, 2020",04/23/2020,2020-05-05,14.4,9,21.4,9.0 - 21.4,NA
Symptoms of Depressive Disorder,By Age,United States,18 - 29 years,1.0,2,"May 7 - May 12, 2020",05/07/2020,2020-05-12,36.2,32.2,40.2,32.2 - 40.2,NA
Symptoms of Depressive Disorder,By Age,United States,30 - 39 years,1.0,2,"May 7 - May 12, 2020",05/07/2020,2020-05-12,27.7,25.7,29.8,25.7 - 29.8,NA
Symptoms of Depressive Disorder,By Age,United States,40 - 49 years,1.0,2,"May 7 - May 12, 2020",05/07/2020,2020-05-12,25.5,23.1,28,23.1 - 28.0,NA
Symptoms of Depressive Disorder,By Age,United States,50 - 59 years,1.0,2,"May 7 - May 12, 2020",05/07/2020,2020-05-12,24.1,22,26.2,22.0 - 26.2,NA
Symptoms of Depressive Disorder,By Age,United States,60 - 69 years,1.0,2,"May 7 - May 12, 2020",05/07/2020,2020-05-12,17.6,15.7,19.6,15.7 - 19.6,NA
Symptoms of Depressive Disorder,By Age,United States,70 - 79 years,1.0,2,"May 7 - May 12, 2020",05/07/2020,2020-05-12,12.2,10.4,14.2,10.4 - 14.2,NA
Symptoms of Depressive Disorder,By Age,United States,80 years and above,1.0,2,"May 7 - May 12, 2020",05/07/2020,2020-05-12,9.1,6.9,11.6,6.9 - 11.6,NA
Symptoms of Depressive Disorder,By Age,United States,18 - 29 years,1.0,3,"May 14 - May 19, 2020",05/14/2020,2020-05-19,36.7,34.2,39.1,34.2 - 39.1,NA
Symptoms of Depressive Disorder,By Age,United States,30 - 39 years,1.0,3,"May 14 - May 19, 2020",05/14/2020,2020-05-19,26.7,25,28.5,25.0 - 28.5,NA
Symptoms of Depressive Disorder,By Age,United States,40 - 49 years,1.0,3,"May 14 - May 19, 2020",05/14/2020,2020-05-19,25,23.3,26.7,23.3 - 26.7,NA
Symptoms of Depressive Disorder,By Age,United States,50 - 59 years,1.0,3,"May 14 - May 19, 2020",05/14/2020,2020-05-19,24.6,22.9,26.4,22.9 - 26.4,NA
Symptoms of Depressive Disorder,By Age,United States,60 - 69 years,1.0,3,"May 14 - May 19, 2020",05/14/2020,2020-05-19,18,16.3,19.6,16.3 - 19.6,NA
Symptoms of Depressive Disorder,By Age,United States,70 - 79 years,1.0,3,"May 14 - May 19, 2020",05/14/2020,2020-05-19,12.3,10.4,14.5,10.4 - 14.5,NA
Symptoms of Depressive Disorder,By Age,United States,80 years and above,1.0,3,"May 14 - May 19, 2020",05/14/2020,2020-05-19,14.4,10.9,18.6,10.9 - 18.6,NA
Symptoms of Depressive Disorder,By Age,United States,18 - 29 years,1.0,4,"May 21 - May 26, 2020",05/21/2020,2020-05-26,36.7,34,39.4,34.0 - 39.4,NA
Symptoms of Depressive Disorder,By Age,United States,30 - 39 years,1.0,4,"May 21 - May 26, 2020",05/21/2020,2020-05-26,27.4,25.9,28.9,25.9 - 28.9,NA
Symptoms of Depressive Disorder,By Age,United States,40 - 49 years,1.0,4,"May 21 - May 26, 2020",05/21/2020,2020-05-26,24.2,22.8,25.7,22.8 - 25.7,NA
Symptoms of Depressive Disorder,By Age,United States,50 - 59 years,1.0,4,"May 21 - May 26, 2020",05/21/2020,2020-05-26,24.6,23,26.2,23.0 - 26.2,NA
Symptoms of Depressive Disorder,By Age,United States,60 - 69 years,1.0,4,"May 21 - May 26, 2020",05/21/2020,2020-05-26,19.8,18.5,21.2,18.5 - 21.2,NA
Symptoms of Depressive Disorder,By Age,United States,70 - 79 years,1.0,4,"May 21 - May 26, 2020",05/21/2020,2020-05-26,13.3,11.2,15.6,11.2 - 15.6,NA
Symptoms of Depressive Disorder,By Age,United States,80 years and above,1.0,4,"May 21 - May 26, 2020",05/21/2020,2020-05-26,17.1,11.1,24.7,11.1 - 24.7,NA
Symptoms of Depressive Disorder,By Age,United States,18 - 29 years,1.0,5,"May 28 - June 2, 2020",05/28/2020,2020-06-02,36.8,34.8,38.8,34.8 - 38.8,NA
Symptoms of Depressive Disorder,By Age,United States,30 - 39 years,1.0,5,"May 28 - June 2, 2020",05/28/2020,2020-06-02,27.9,26.6,29.2,26.6 - 29.2,NA
Symptoms of Depressive Disorder,By Age,United States,40 - 49 years,1.0,5,"May 28 - June 2, 2020",05/28/2020,2020-06-02,25.7,24.2,27.3,24.2 - 27.3,NA
Symptoms of Depressive Disorder,By Age,United States,50 - 59 years,1.0,5,"May 28 - June 2, 2020",05/28/2020,2020-06-02,25.1,23.4,26.8,23.4 - 26.8,NA
Symptoms of Depressive Disorder,By Age,United States,60 - 69 years,1.0,5,"May 28 - June 2, 2020",05/28/2020,2020-06-02,18,16.7,19.3,16.7 - 19.3,NA
Symptoms of Depressive Disorder,By Age,United States,70 - 79 years,1.0,5,"May 28 - June 2, 2020",05/28/2020,2020-06-02,15.5,13.5,17.6,13.5 - 17.6,NA
Symptoms of Depressive Disorder,By Age,United States,80 years and above,1.0,5,"May 28 - June 2, 2020",05/28/2020,2020-06-02,14.9,10.7,20,10.7 - 20.0,NA
Symptoms of Depressive Disorder,By Age,United States,18 - 29 years,1.0,6,"June 4 - June 9, 2020",06/04/2020,2020-06-09,37,34.3,39.7,34.3 - 39.7,NA
Symptoms of Depressive Disorder,By Age,United States,30 - 39 years,1.0,6,"June 4 - June 9, 2020",06/04/2020,2020-06-09,29.1,27.5,30.7,27.5 - 30.7,NA
Symptoms of Depressive Disorder,By Age,United States,40 - 49 years,1.0,6,"June 4 - June 9, 2020",06/04/2020,2020-06-09,27,25.5,28.6,25.5 - 28.6,NA
Symptoms of Depressive Disorder,By Age,United States,50 - 59 years,1.0,6,"June 4 - June 9, 2020",06/04/2020,2020-06-09,26,24.2,27.9,24.2 - 27.9,NA
Symptoms of Depressive Disorder,By Age,United States,60 - 69 years,1.0,6,"June 4 - June 9, 2020",06/04/2020,2020-06-09,19.8,18.1,21.7,18.1 - 21.7,NA
Symptoms of Depressive Disorder,By Age,United States,70 - 79 years,1.0,6,"June 4 - June 9, 2020",06/04/2020,2020-06-09,13.1,11.4,14.9,11.4 - 14.9,NA
Symptoms of Depressive Disorder,By Age,United States,80 years and above,1.0,6,"June 4 - June 9, 2020",06/04/2020,2020-06-09,12.3,8.2,17.6,8.2 - 17.6,NA
Symptoms of Depressive Disorder,By Age,United States,18 - 29 years,1.0,7,"June 11 - June 16, 2020",06/11/2020,2020-06-16,36.8,33.9,39.7,33.9 - 39.7,NA
Symptoms of Depressive Disorder,By Age,United States,30 - 39 years,1.0,7,"June 11 - June 16, 2020",06/11/2020,2020-06-16,26.7,25.3,28.2,25.3 - 28.2,NA
Symptoms of Depressive Disorder,By Age,United States,40 - 49 years,1.0,7,"June 11 - June 16, 2020",06/11/2020,2020-06-16,25.9,24.1,27.6,24.1 - 27.6,NA
Symptoms of Depressive Disorder,By Age,United States,50 - 59 years,1.0,7,"June 11 - June 16, 2020",06/11/2020,2020-06-16,24.6,22.6,26.7,22.6 - 26.7,NA
Symptoms of Depressive Disorder,By Age,United States,60 - 69 years,1.0,7,"June 11 - June 16, 2020",06/11/2020,2020-06-16,19.6,18.1,21.2,18.1 - 21.2,NA
Symptoms of Depressive Disorder,By Age,United States,70 - 79 years,1.0,7,"June 11 - June 16, 2020",06/11/2020,2020-06-16,15.5,13.3,17.8,13.3 - 17.8,NA
Symptoms of Depressive Disorder,By Age,United States,80 years and above,1.0,7,"June 11 - June 16, 2020",06/11/2020,2020-06-16,9.9,6.8,13.7,6.8 - 13.7,NA
Symptoms of Depressive Disorder,By Age,United States,18 - 29 years,1.0,8,"June 18 - June 23, 2020",06/18/2020,2020-06-23,36.7,34.4,39.1,34.4 - 39.1,NA
Symptoms of Depressive Disorder,By Age,United States,30 - 39 years,1.0,8,"June 18 - June 23, 2020",06/18/2020,2020-06-23,28.3,26.8,29.9,26.8 - 29.9,NA
Symptoms of Depressive Disorder,By Age,United States,40 - 49 years,1.0,8,"June 18 - June 23, 2020",06/18/2020,2020-06-23,26.2,25,27.5,25.0 - 27.5,NA
Symptoms of Depressive Disorder,By Age,United States,50 - 59 years,1.0,8,"June 18 - June 23, 2020",06/18/2020,2020-06-23,26,24.2,27.8,24.2 - 27.8,NA
Symptoms of Depressive Disorder,By Age,United States,60 - 69 years,1.0,8,"June 18 - June 23, 2020",06/18/2020,2020-06-23,19.3,17.8,20.8,17.8 - 20.8,NA
Symptoms of Depressive Disorder,By Age,United States,70 - 79 years,1.0,8,"June 18 - June 23, 2020",06/18/2020,2020-06-23,14.5,12.5,16.6,12.5 - 16.6,NA
Symptoms of Depressive Disorder,By Age,United States,80 years and above,1.0,8,"June 18 - June 23, 2020",06/18/2020,2020-06-23,10.8,7.2,15.4,7.2 - 15.4,NA
Symptoms of Depressive Disorder,By Age,United States,18 - 29 years,1.0,9,"June 25 - June 30, 2020",06/25/2020,2020-06-30,36.6,34.4,38.8,34.4 - 38.8,NA
Symptoms of Depressive Disorder,By Age,United States,30 - 39 years,1.0,9,"June 25 - June 30, 2020",06/25/2020,2020-06-30,30.7,29.2,32.3,29.2 - 32.3,NA
Symptoms of Depressive Disorder,By Age,United States,40 - 49 years,1.0,9,"June 25 - June 30, 2020",06/25/2020,2020-06-30,27.7,26.3,29.2,26.3 - 29.2,NA
Symptoms of Depressive Disorder,By Age,United States,50 - 59 years,1.0,9,"June 25 - June 30, 2020",06/25/2020,2020-06-30,27.1,25.4,28.7,25.4 - 28.7,NA
Symptoms of Depressive Disorder,By Age,United States,60 - 69 years,1.0,9,"June 25 - June 30, 2020",06/25/2020,2020-06-30,20.5,19,22,19.0 - 22.0,NA
Symptoms of Depressive Disorder,By Age,United States,70 - 79 years,1.0,9,"June 25 - June 30, 2020",06/25/2020,2020-06-30,16.1,14.1,18.3,14.1 - 18.3,NA
Symptoms of Depressive Disorder,By Age,United States,80 years and above,1.0,9,"June 25 - June 30, 2020",06/25/2020,2020-06-30,15.2,10.8,20.5,10.8 - 20.5,NA
Symptoms of Depressive Disorder,By Age,United States,18 - 29 years,1.0,10,"July 2 - July 7, 2020",07/02/2020,2020-07-07,35.8,33.7,38.1,33.7 - 38.1,NA
Symptoms of Depressive Disorder,By Age,United States,30 - 39 years,1.0,10,"July 2 - July 7, 2020",07/02/2020,2020-07-07,31.7,30.1,33.3,30.1 - 33.3,NA
Symptoms of Depressive Disorder,By Age,United States,40 - 49 years,1.0,10,"July 2 - July 7, 2020",07/02/2020,2020-07-07,27.6,26.2,29.1,26.2 - 29.1,NA
Symptoms of Depressive Disorder,By Age,United States,50 - 59 years,1.0,10,"July 2 - July 7, 2020",07/02/2020,2020-07-07,28.2,26.5,29.8,26.5 - 29.8,NA
Symptoms of Depressive Disorder,By Age,United States,60 - 69 years,1.0,10,"July 2 - July 7, 2020",07/02/2020,2020-07-07,21.8,20.4,23.1,20.4 - 23.1,NA
Symptoms of Depressive Disorder,By Age,United States,70 - 79 years,1.0,10,"July 2 - July 7, 2020",07/02/2020,2020-07-07,17.8,15.6,20.1,15.6 - 20.1,NA
Symptoms of Depressive Disorder,By Age,United States,80 years and above,1.0,10,"July 2 - July 7, 2020",07/02/2020,2020-07-07,18.7,14.1,24,14.1 - 24.0,NA
Symptoms of Depressive Disorder,By Age,United States,18 - 29 years,1.0,11,"July 9 - July 14, 2020",07/09/2020,2020-07-14,39,36.6,41.5,36.6 - 41.5,NA
Symptoms of Depressive Disorder,By Age,United States,30 - 39 years,1.0,11,"July 9 - July 14, 2020",07/09/2020,2020-07-14,32.3,30.6,33.9,30.6 - 33.9,NA
Symptoms of Depressive Disorder,By Age,United States,40 - 49 years,1.0,11,"July 9 - July 14, 2020",07/09/2020,2020-07-14,28.5,27,30.1,27.0 - 30.1,NA
Symptoms of Depressive Disorder,By Age,United States,50 - 59 years,1.0,11,"July 9 - July 14, 2020",07/09/2020,2020-07-14,29.2,27.1,31.3,27.1 - 31.3,NA
Symptoms of Depressive Disorder,By Age,United States,60 - 69 years,1.0,11,"July 9 - July 14, 2020",07/09/2020,2020-07-14,21.7,19.9,23.6,19.9 - 23.6,NA
Symptoms of Depressive Disorder,By Age,United States,70 - 79 years,1.0,11,"July 9 - July 14, 2020",07/09/2020,2020-07-14,13.9,12.1,15.8,12.1 - 15.8,NA
Symptoms of Depressive Disorder,By Age,United States,80 years and above,1.0,11,"July 9 - July 14, 2020",07/09/2020,2020-07-14,12,9.2,15.2,9.2 - 15.2,NA
Symptoms of Depressive Disorder,By Age,United States,18 - 29 years,1.0,12,"July 16 - July 21, 2020",07/16/2020,2020-07-21,41.7,39.5,43.9,39.5 - 43.9,NA
Symptoms of Depressive Disorder,By Age,United States,30 - 39 years,1.0,12,"July 16 - July 21, 2020",07/16/2020,2020-07-21,32.8,31,34.6,31.0 - 34.6,NA
Symptoms of Depressive Disorder,By Age,United States,40 - 49 years,1.0,12,"July 16 - July 21, 2020",07/16/2020,2020-07-21,31,29.5,32.6,29.5 - 32.6,NA
Symptoms of Depressive Disorder,By Age,United States,50 - 59 years,1.0,12,"July 16 - July 21, 2020",07/16/2020,2020-07-21,28.4,26.8,30.2,26.8 - 30.2,NA
Symptoms of Depressive Disorder,By Age,United States,60 - 69 years,1.0,12,"July 16 - July 21, 2020",07/16/2020,2020-07-21,23.6,21.8,25.5,21.8 - 25.5,NA
Symptoms of Depressive Disorder,By Age,United States,70 - 79 years,1.0,12,"July 16 - July 21, 2020",07/16/2020,2020-07-21,16.9,15.1,18.8,15.1 - 18.8,NA
Symptoms of Depressive Disorder,By Age,United States,80 years and above,1.0,12,"July 16 - July 21, 2020",07/16/2020,2020-07-21,12.6,9.7,15.9,9.7 - 15.9,NA
Symptoms of Depressive Disorder,By Age,United States,18 - 29 years,2.0,13,"Aug 19 - Aug 31, 2020",08/19/2020,2020-08-31,35.4,34,36.7,34.0 - 36.7,NA
Symptoms of Depressive Disorder,By Age,United States,30 - 39 years,2.0,13,"Aug 19 - Aug 31, 2020",08/19/2020,2020-08-31,27.9,26.5,29.3,26.5 - 29.3,NA
Symptoms of Depressive Disorder,By Age,United States,40 - 49 years,2.0,13,"Aug 19 - Aug 31, 2020",08/19/2020,2020-08-31,23.8,22.6,25,22.6 - 25.0,NA
Symptoms of Depressive Disorder,By Age,United States,50 - 59 years,2.0,13,"Aug 19 - Aug 31, 2020",08/19/2020,2020-08-31,23.8,22.7,24.9,22.7 - 24.9,NA
Symptoms of Depressive Disorder,By Age,United States,60 - 69 years,2.0,13,"Aug 19 - Aug 31, 2020",08/19/2020,2020-08-31,19.7,18.7,20.8,18.7 - 20.8,NA
Symptoms of Depressive Disorder,By Age,United States,70 - 79 years,2.0,13,"Aug 19 - Aug 31, 2020",08/19/2020,2020-08-31,14.8,13.3,16.5,13.3 - 16.5,NA
Symptoms of Depressive Disorder,By Age,United States,80 years and above,2.0,13,"Aug 19 - Aug 31, 2020",08/19/2020,2020-08-31,13.8,11,17,11.0 - 17.0,NA
Symptoms of Depressive Disorder,By Age,United States,18 - 29 years,2.0,14,"Sep 2 - Sep 14, 2020",09/02/2020,2020-09-14,34.9,33,36.8,33.0 - 36.8,NA
Symptoms of Depressive Disorder,By Age,United States,30 - 39 years,2.0,14,"Sep 2 - Sep 14, 2020",09/02/2020,2020-09-14,27.2,26,28.6,26.0 - 28.6,NA
Symptoms of Depressive Disorder,By Age,United States,40 - 49 years,2.0,14,"Sep 2 - Sep 14, 2020",09/02/2020,2020-09-14,25.8,24.4,27.2,24.4 - 27.2,NA
Symptoms of Depressive Disorder,By Age,United States,50 - 59 years,2.0,14,"Sep 2 - Sep 14, 2020",09/02/2020,2020-09-14,23.1,21.8,24.4,21.8 - 24.4,NA
Symptoms of Depressive Disorder,By Age,United States,60 - 69 years,2.0,14,"Sep 2 - Sep 14, 2020",09/02/2020,2020-09-14,19.4,18.4,20.4,18.4 - 20.4,NA
Symptoms of Depressive Disorder,By Age,United States,70 - 79 years,2.0,14,"Sep 2 - Sep 14, 2020",09/02/2020,2020-09-14,14.9,13.3,16.7,13.3 - 16.7,NA
Symptoms of Depressive Disorder,By Age,United States,80 years and above,2.0,14,"Sep 2 - Sep 14, 2020",09/02/2020,2020-09-14,13.3,10.7,16.2,10.7 - 16.2,NA
Symptoms of Depressive Disorder,By Age,United States,18 - 29 years,2.0,15,"Sep 16 - Sep 28, 2020",09/16/2020,2020-09-28,35.7,33.6,37.8,33.6 - 37.8,NA
Symptoms of Depressive Disorder,By Age,United States,30 - 39 years,2.0,15,"Sep 16 - Sep 28, 2020",09/16/2020,2020-09-28,28.5,27.1,29.9,27.1 - 29.9,NA
Symptoms of Depressive Disorder,By Age,United States,40 - 49 years,2.0,15,"Sep 16 - Sep 28, 2020",09/16/2020,2020-09-28,25.1,23.7,26.5,23.7 - 26.5,NA
Symptoms of Depressive Disorder,By Age,United States,50 - 59 years,2.0,15,"Sep 16 - Sep 28, 2020",09/16/2020,2020-09-28,23.6,22.5,24.8,22.5 - 24.8,NA
Symptoms of Depressive Disorder,By Age,United States,60 - 69 years,2.0,15,"Sep 16 - Sep 28, 2020",09/16/2020,2020-09-28,20.8,19.5,22.3,19.5 - 22.3,NA
Symptoms of Depressive Disorder,By Age,United States,70 - 79 years,2.0,15,"Sep 16 - Sep 28, 2020",09/16/2020,2020-09-28,15.5,13.7,17.5,13.7 - 17.5,NA
Symptoms of Depressive Disorder,By Age,United States,80 years and above,2.0,15,"Sep 16 - Sep 28, 2020",09/16/2020,2020-09-28,12.5,10,15.3,10.0 - 15.3,NA
Symptoms of Depressive Disorder,By Age,United States,18 - 29 years,2.0,16,"Sep 30 - Oct 12, 2020",09/30/2020,2020-10-12,39.3,37.1,41.5,37.1 - 41.5,NA
Symptoms of Depressive Disorder,By Age,United States,30 - 39 years,2.0,16,"Sep 30 - Oct 12, 2020",09/30/2020,2020-10-12,28.4,27.1,29.8,27.1 - 29.8,NA
Symptoms of Depressive Disorder,By Age,United States,40 - 49 years,2.0,16,"Sep 30 - Oct 12, 2020",09/30/2020,2020-10-12,26.4,25,28,25.0 - 28.0,NA
Symptoms of Depressive Disorder,By Age,United States,50 - 59 years,2.0,16,"Sep 30 - Oct 12, 2020",09/30/2020,2020-10-12,22.6,21.5,23.8,21.5 - 23.8,NA
Symptoms of Depressive Disorder,By Age,United States,60 - 69 years,2.0,16,"Sep 30 - Oct 12, 2020",09/30/2020,2020-10-12,19.6,18.3,21,18.3 - 21.0,NA
Symptoms of Depressive Disorder,By Age,United States,70 - 79 years,2.0,16,"Sep 30 - Oct 12, 2020",09/30/2020,2020-10-12,15,13.6,16.5,13.6 - 16.5,NA
Symptoms of Depressive Disorder,By Age,United States,80 years and above,2.0,16,"Sep 30 - Oct 12, 2020",09/30/2020,2020-10-12,10.8,8.1,14.1,8.1 - 14.1,NA
Symptoms of Depressive Disorder,By Age,United States,18 - 29 years,2.0,17,"Oct 14 - Oct 26, 2020",10/14/2020,2020-10-26,39,36.8,41.2,36.8 - 41.2,NA
Symptoms of Depressive Disorder,By Age,United States,30 - 39 years,2.0,17,"Oct 14 - Oct 26, 2020",10/14/2020,2020-10-26,30.3,29,31.6,29.0 - 31.6,NA
Symptoms of Depressive Disorder,By Age,United States,40 - 49 years,2.0,17,"Oct 14 - Oct 26, 2020",10/14/2020,2020-10-26,26.3,24.9,27.7,24.9 - 27.7,NA
Symptoms of Depressive Disorder,By Age,United States,50 - 59 years,2.0,17,"Oct 14 - Oct 26, 2020",10/14/2020,2020-10-26,23.7,22.2,25.3,22.2 - 25.3,NA
Symptoms of Depressive Disorder,By Age,United States,60 - 69 years,2.0,17,"Oct 14 - Oct 26, 2020",10/14/2020,2020-10-26,20.4,19,21.9,19.0 - 21.9,NA
Symptoms of Depressive Disorder,By Age,United States,70 - 79 years,2.0,17,"Oct 14 - Oct 26, 2020",10/14/2020,2020-10-26,15.4,13.8,17,13.8 - 17.0,NA
Symptoms of Depressive Disorder,By Age,United States,80 years and above,2.0,17,"Oct 14 - Oct 26, 2020",10/14/2020,2020-10-26,13.3,9.3,18.3,9.3 - 18.3,NA
Symptoms of Depressive Disorder,By Age,United States,18 - 29 years,3 (Oct 28 - Dec 21),18,"Oct 28 - Nov 9, 2020",10/28/2020,2020-11-09,43.4,40.2,46.6,40.2 - 46.6,NA
Symptoms of Depressive Disorder,By Age,United States,30 - 39 years,3 (Oct 28 - Dec 21),18,"Oct 28 - Nov 9, 2020",10/28/2020,2020-11-09,33.5,31.3,35.7,31.3 - 35.7,NA
Symptoms of Depressive Disorder,By Age,United States,40 - 49 years,3 (Oct 28 - Dec 21),18,"Oct 28 - Nov 9, 2020",10/28/2020,2020-11-09,27.4,25.5,29.3,25.5 - 29.3,NA
Symptoms of Depressive Disorder,By Age,United States,50 - 59 years,3 (Oct 28 - Dec 21),18,"Oct 28 - Nov 9, 2020",10/28/2020,2020-11-09,25.5,23.8,27.4,23.8 - 27.4,NA
Symptoms of Depressive Disorder,By Age,United States,60 - 69 years,3 (Oct 28 - Dec 21),18,"Oct 28 - Nov 9, 2020",10/28/2020,2020-11-09,20.5,18.8,22.4,18.8 - 22.4,NA
Symptoms of Depressive Disorder,By Age,United States,70 - 79 years,3 (Oct 28 - Dec 21),18,"Oct 28 - Nov 9, 2020",10/28/2020,2020-11-09,16.4,14.5,18.5,14.5 - 18.5,NA
Symptoms of Depressive Disorder,By Age,United States,80 years and above,3 (Oct 28 - Dec 21),18,"Oct 28 - Nov 9, 2020",10/28/2020,2020-11-09,12.6,8.8,17.3,8.8 - 17.3,NA
Symptoms of Depressive Disorder,By Age,United States,18 - 29 years,3 (Oct 28 - Dec 21),19,"Nov 11 - Nov 23, 2020",11/11/2020,2020-11-23,43.4,40.9,45.9,40.9 - 45.9,NA
Symptoms of Depressive Disorder,By Age,United States,30 - 39 years,3 (Oct 28 - Dec 21),19,"Nov 11 - Nov 23, 2020",11/11/2020,2020-11-23,32.2,30.5,33.9,30.5 - 33.9,NA
Symptoms of Depressive Disorder,By Age,United States,40 - 49 years,3 (Oct 28 - Dec 21),19,"Nov 11 - Nov 23, 2020",11/11/2020,2020-11-23,29.9,28.4,31.4,28.4 - 31.4,NA
Symptoms of Depressive Disorder,By Age,United States,50 - 59 years,3 (Oct 28 - Dec 21),19,"Nov 11 - Nov 23, 2020",11/11/2020,2020-11-23,26.7,25.1,28.4,25.1 - 28.4,NA
Symptoms of Depressive Disorder,By Age,United States,60 - 69 years,3 (Oct 28 - Dec 21),19,"Nov 11 - Nov 23, 2020",11/11/2020,2020-11-23,21.5,20,23.1,20.0 - 23.1,NA
Symptoms of Depressive Disorder,By Age,United States,70 - 79 years,3 (Oct 28 - Dec 21),19,"Nov 11 - Nov 23, 2020",11/11/2020,2020-11-23,17.2,15.2,19.2,15.2 - 19.2,NA
Symptoms of Depressive Disorder,By Age,United States,80 years and above,3 (Oct 28 - Dec 21),19,"Nov 11 - Nov 23, 2020",11/11/2020,2020-11-23,18.2,13.7,23.5,13.7 - 23.5,NA
Symptoms of Depressive Disorder,By Age,United States,18 - 29 years,3 (Oct 28 - Dec 21),20,"Nov 25 - Dec 7, 2020",11/25/2020,2020-12-07,42.1,39.7,44.5,39.7 - 44.5,NA
Symptoms of Depressive Disorder,By Age,United States,30 - 39 years,3 (Oct 28 - Dec 21),20,"Nov 25 - Dec 7, 2020",11/25/2020,2020-12-07,33.4,31.7,35.1,31.7 - 35.1,NA
Symptoms of Depressive Disorder,By Age,United States,40 - 49 years,3 (Oct 28 - Dec 21),20,"Nov 25 - Dec 7, 2020",11/25/2020,2020-12-07,30.5,28.7,32.3,28.7 - 32.3,NA
Symptoms of Depressive Disorder,By Age,United States,50 - 59 years,3 (Oct 28 - Dec 21),20,"Nov 25 - Dec 7, 2020",11/25/2020,2020-12-07,28,26.5,29.6,26.5 - 29.6,NA
Symptoms of Depressive Disorder,By Age,United States,60 - 69 years,3 (Oct 28 - Dec 21),20,"Nov 25 - Dec 7, 2020",11/25/2020,2020-12-07,21.7,20.2,23.2,20.2 - 23.2,NA
Symptoms of Depressive Disorder,By Age,United States,70 - 79 years,3 (Oct 28 - Dec 21),20,"Nov 25 - Dec 7, 2020",11/25/2020,2020-12-07,17.2,15.5,19,15.5 - 19.0,NA
Symptoms of Depressive Disorder,By Age,United States,80 years and above,3 (Oct 28 - Dec 21),20,"Nov 25 - Dec 7, 2020",11/25/2020,2020-12-07,14.4,10.6,18.8,10.6 - 18.8,NA
Symptoms of Depressive Disorder,By Age,United States,18 - 29 years,3 (Oct 28 - Dec 21),21,"Dec 9 - Dec 21, 2020",12/09/2020,2020-12-21,43.6,41.1,46.1,41.1 - 46.1,NA
Symptoms of Depressive Disorder,By Age,United States,30 - 39 years,3 (Oct 28 - Dec 21),21,"Dec 9 - Dec 21, 2020",12/09/2020,2020-12-21,34.9,33.1,36.8,33.1 - 36.8,NA
Symptoms of Depressive Disorder,By Age,United States,40 - 49 years,3 (Oct 28 - Dec 21),21,"Dec 9 - Dec 21, 2020",12/09/2020,2020-12-21,31.5,29.7,33.4,29.7 - 33.4,NA
Symptoms of Depressive Disorder,By Age,United States,50 - 59 years,3 (Oct 28 - Dec 21),21,"Dec 9 - Dec 21, 2020",12/09/2020,2020-12-21,28.9,27.4,30.3,27.4 - 30.3,NA
Symptoms of Depressive Disorder,By Age,United States,60 - 69 years,3 (Oct 28 - Dec 21),21,"Dec 9 - Dec 21, 2020",12/09/2020,2020-12-21,22.5,21.2,24,21.2 - 24.0,NA
Symptoms of Depressive Disorder,By Age,United States,70 - 79 years,3 (Oct 28 - Dec 21),21,"Dec 9 - Dec 21, 2020",12/09/2020,2020-12-21,18.4,16.6,20.2,16.6 - 20.2,NA
Symptoms of Depressive Disorder,By Age,United States,80 years and above,3 (Oct 28 - Dec 21),21,"Dec 9 - Dec 21, 2020",12/09/2020,2020-12-21,21.7,15.9,28.6,15.9 - 28.6,NA
Symptoms of Depressive Disorder,By Age,United States,18 - 29 years,3 (Jan 6 - Mar 29),22,"Jan 6 - Jan 18, 2021",01/06/2021,2021-01-18,41.1,38.4,43.8,38.4 - 43.8,NA
Symptoms of Depressive Disorder,By Age,United States,30 - 39 years,3 (Jan 6 - Mar 29),22,"Jan 6 - Jan 18, 2021",01/06/2021,2021-01-18,31.9,29.9,33.9,29.9 - 33.9,NA
Symptoms of Depressive Disorder,By Age,United States,40 - 49 years,3 (Jan 6 - Mar 29),22,"Jan 6 - Jan 18, 2021",01/06/2021,2021-01-18,29.1,27.3,30.9,27.3 - 30.9,NA
Symptoms of Depressive Disorder,By Age,United States,50 - 59 years,3 (Jan 6 - Mar 29),22,"Jan 6 - Jan 18, 2021",01/06/2021,2021-01-18,27.1,25.6,28.7,25.6 - 28.7,NA
Symptoms of Depressive Disorder,By Age,United States,60 - 69 years,3 (Jan 6 - Mar 29),22,"Jan 6 - Jan 18, 2021",01/06/2021,2021-01-18,22.3,20.8,23.9,20.8 - 23.9,NA
Symptoms of Depressive Disorder,By Age,United States,70 - 79 years,3 (Jan 6 - Mar 29),22,"Jan 6 - Jan 18, 2021",01/06/2021,2021-01-18,18.7,16.4,21.1,16.4 - 21.1,NA
Symptoms of Depressive Disorder,By Age,United States,80 years and above,3 (Jan 6 - Mar 29),22,"Jan 6 - Jan 18, 2021",01/06/2021,2021-01-18,18.4,14.4,22.8,14.4 - 22.8,NA
Symptoms of Depressive Disorder,By Age,United States,18 - 29 years,3 (Jan 6 - Mar 29),23,"Jan 20 - Feb 1, 2021",01/20/2021,2021-02-01,43.4,40.7,46.2,40.7 - 46.2,NA
Symptoms of Depressive Disorder,By Age,United States,30 - 39 years,3 (Jan 6 - Mar 29),23,"Jan 20 - Feb 1, 2021",01/20/2021,2021-02-01,31.6,30.2,33,30.2 - 33.0,NA
Symptoms of Depressive Disorder,By Age,United States,40 - 49 years,3 (Jan 6 - Mar 29),23,"Jan 20 - Feb 1, 2021",01/20/2021,2021-02-01,27.1,25.7,28.6,25.7 - 28.6,NA
Symptoms of Depressive Disorder,By Age,United States,50 - 59 years,3 (Jan 6 - Mar 29),23,"Jan 20 - Feb 1, 2021",01/20/2021,2021-02-01,28,26.6,29.4,26.6 - 29.4,NA
Symptoms of Depressive Disorder,By Age,United States,60 - 69 years,3 (Jan 6 - Mar 29),23,"Jan 20 - Feb 1, 2021",01/20/2021,2021-02-01,22.4,20.7,24,20.7 - 24.0,NA
Symptoms of Depressive Disorder,By Age,United States,70 - 79 years,3 (Jan 6 - Mar 29),23,"Jan 20 - Feb 1, 2021",01/20/2021,2021-02-01,17.7,16.2,19.2,16.2 - 19.2,NA
Symptoms of Depressive Disorder,By Age,United States,80 years and above,3 (Jan 6 - Mar 29),23,"Jan 20 - Feb 1, 2021",01/20/2021,2021-02-01,15.3,12,19,12.0 - 19.0,NA
Symptoms of Depressive Disorder,By Age,United States,18 - 29 years,3 (Jan 6 - Mar 29),24,"Feb 3 - Feb 15, 2021",02/03/2021,2021-02-15,43.9,41.3,46.5,41.3 - 46.5,NA
Symptoms of Depressive Disorder,By Age,United States,30 - 39 years,3 (Jan 6 - Mar 29),24,"Feb 3 - Feb 15, 2021",02/03/2021,2021-02-15,31.2,29.4,33,29.4 - 33.0,NA
Symptoms of Depressive Disorder,By Age,United States,40 - 49 years,3 (Jan 6 - Mar 29),24,"Feb 3 - Feb 15, 2021",02/03/2021,2021-02-15,28.1,26.4,29.8,26.4 - 29.8,NA
Symptoms of Depressive Disorder,By Age,United States,50 - 59 years,3 (Jan 6 - Mar 29),24,"Feb 3 - Feb 15, 2021",02/03/2021,2021-02-15,26,24.4,27.6,24.4 - 27.6,NA
Symptoms of Depressive Disorder,By Age,United States,60 - 69 years,3 (Jan 6 - Mar 29),24,"Feb 3 - Feb 15, 2021",02/03/2021,2021-02-15,23,21.6,24.5,21.6 - 24.5,NA
Symptoms of Depressive Disorder,By Age,United States,70 - 79 years,3 (Jan 6 - Mar 29),24,"Feb 3 - Feb 15, 2021",02/03/2021,2021-02-15,16.2,14.9,17.6,14.9 - 17.6,NA
Symptoms of Depressive Disorder,By Age,United States,80 years and above,3 (Jan 6 - Mar 29),24,"Feb 3 - Feb 15, 2021",02/03/2021,2021-02-15,16,12.8,19.7,12.8 - 19.7,NA
Symptoms of Depressive Disorder,By Age,United States,18 - 29 years,3 (Jan 6 - Mar 29),25,"Feb 17 - Mar 1, 2021",02/17/2021,2021-03-01,43.2,40.6,45.8,40.6 - 45.8,NA
Symptoms of Depressive Disorder,By Age,United States,30 - 39 years,3 (Jan 6 - Mar 29),25,"Feb 17 - Mar 1, 2021",02/17/2021,2021-03-01,31.7,29.9,33.5,29.9 - 33.5,NA
Symptoms of Depressive Disorder,By Age,United States,40 - 49 years,3 (Jan 6 - Mar 29),25,"Feb 17 - Mar 1, 2021",02/17/2021,2021-03-01,27.1,25.6,28.5,25.6 - 28.5,NA
Symptoms of Depressive Disorder,By Age,United States,50 - 59 years,3 (Jan 6 - Mar 29),25,"Feb 17 - Mar 1, 2021",02/17/2021,2021-03-01,27.1,25.3,29.1,25.3 - 29.1,NA
Symptoms of Depressive Disorder,By Age,United States,60 - 69 years,3 (Jan 6 - Mar 29),25,"Feb 17 - Mar 1, 2021",02/17/2021,2021-03-01,21.1,19.9,22.4,19.9 - 22.4,NA
Symptoms of Depressive Disorder,By Age,United States,70 - 79 years,3 (Jan 6 - Mar 29),25,"Feb 17 - Mar 1, 2021",02/17/2021,2021-03-01,16.9,15.5,18.4,15.5 - 18.4,NA
Symptoms of Depressive Disorder,By Age,United States,80 years and above,3 (Jan 6 - Mar 29),25,"Feb 17 - Mar 1, 2021",02/17/2021,2021-03-01,14.9,12.3,17.8,12.3 - 17.8,NA
Symptoms of Depressive Disorder,By Age,United States,18 - 29 years,3 (Jan 6 - Mar 29),26,"Mar 3 - Mar 15, 2021",03/03/2021,2021-03-15,41.2,38.6,43.9,38.6 - 43.9,NA
Symptoms of Depressive Disorder,By Age,United States,30 - 39 years,3 (Jan 6 - Mar 29),26,"Mar 3 - Mar 15, 2021",03/03/2021,2021-03-15,30.7,28.8,32.6,28.8 - 32.6,NA
Symptoms of Depressive Disorder,By Age,United States,40 - 49 years,3 (Jan 6 - Mar 29),26,"Mar 3 - Mar 15, 2021",03/03/2021,2021-03-15,26.5,25.4,27.7,25.4 - 27.7,NA
Symptoms of Depressive Disorder,By Age,United States,50 - 59 years,3 (Jan 6 - Mar 29),26,"Mar 3 - Mar 15, 2021",03/03/2021,2021-03-15,23.7,22.6,24.8,22.6 - 24.8,NA
Symptoms of Depressive Disorder,By Age,United States,60 - 69 years,3 (Jan 6 - Mar 29),26,"Mar 3 - Mar 15, 2021",03/03/2021,2021-03-15,19.3,18.1,20.6,18.1 - 20.6,NA
Symptoms of Depressive Disorder,By Age,United States,70 - 79 years,3 (Jan 6 - Mar 29),26,"Mar 3 - Mar 15, 2021",03/03/2021,2021-03-15,15.4,13.9,17,13.9 - 17.0,NA
Symptoms of Depressive Disorder,By Age,United States,80 years and above,3 (Jan 6 - Mar 29),26,"Mar 3 - Mar 15, 2021",03/03/2021,2021-03-15,18,12.6,24.6,12.6 - 24.6,NA
Symptoms of Depressive Disorder,By Age,United States,18 - 29 years,3 (Jan 6 - Mar 29),27,"Mar 17 - Mar 29, 2021",03/17/2021,2021-03-29,38.4,35.9,41,35.9 - 41.0,NA
Symptoms of Depressive Disorder,By Age,United States,30 - 39 years,3 (Jan 6 - Mar 29),27,"Mar 17 - Mar 29, 2021",03/17/2021,2021-03-29,29,26.8,31.3,26.8 - 31.3,NA
Symptoms of Depressive Disorder,By Age,United States,40 - 49 years,3 (Jan 6 - Mar 29),27,"Mar 17 - Mar 29, 2021",03/17/2021,2021-03-29,25.6,23.9,27.3,23.9 - 27.3,NA
Symptoms of Depressive Disorder,By Age,United States,50 - 59 years,3 (Jan 6 - Mar 29),27,"Mar 17 - Mar 29, 2021",03/17/2021,2021-03-29,22.1,20.7,23.6,20.7 - 23.6,NA
Symptoms of Depressive Disorder,By Age,United States,60 - 69 years,3 (Jan 6 - Mar 29),27,"Mar 17 - Mar 29, 2021",03/17/2021,2021-03-29,18.4,17.2,19.7,17.2 - 19.7,NA
Symptoms of Depressive Disorder,By Age,United States,70 - 79 years,3 (Jan 6 - Mar 29),27,"Mar 17 - Mar 29, 2021",03/17/2021,2021-03-29,13.8,12.4,15.4,12.4 - 15.4,NA
Symptoms of Depressive Disorder,By Age,United States,80 years and above,3 (Jan 6 - Mar 29),27,"Mar 17 - Mar 29, 2021",03/17/2021,2021-03-29,17.2,13.8,21,13.8 - 21.0,NA
Symptoms of Depressive Disorder,By Age,United States,18 - 29 years,3.1,28,"Apr 14 - Apr 26, 2021",04/14/2021,2021-04-26,41.7,38,45.4,38.0 - 45.4,NA
Symptoms of Depressive Disorder,By Age,United States,30 - 39 years,3.1,28,"Apr 14 - Apr 26, 2021",04/14/2021,2021-04-26,26.7,24.9,28.5,24.9 - 28.5,NA
Symptoms of Depressive Disorder,By Age,United States,40 - 49 years,3.1,28,"Apr 14 - Apr 26, 2021",04/14/2021,2021-04-26,23.5,21.9,25.1,21.9 - 25.1,NA
Symptoms of Depressive Disorder,By Age,United States,50 - 59 years,3.1,28,"Apr 14 - Apr 26, 2021",04/14/2021,2021-04-26,19.9,18.3,21.5,18.3 - 21.5,NA
Symptoms of Depressive Disorder,By Age,United States,60 - 69 years,3.1,28,"Apr 14 - Apr 26, 2021",04/14/2021,2021-04-26,16.2,14.8,17.7,14.8 - 17.7,NA
Symptoms of Depressive Disorder,By Age,United States,70 - 79 years,3.1,28,"Apr 14 - Apr 26, 2021",04/14/2021,2021-04-26,11.9,10.5,13.5,10.5 - 13.5,NA
Symptoms of Depressive Disorder,By Age,United States,80 years and above,3.1,28,"Apr 14 - Apr 26, 2021",04/14/2021,2021-04-26,13.5,9.1,19,9.1 - 19.0,NA
Symptoms of Depressive Disorder,By Age,United States,18 - 29 years,3.1,29,"Apr 28 - May 10, 2021",04/28/2021,2021-05-10,36.9,34.1,39.7,34.1 - 39.7,NA
Symptoms of Depressive Disorder,By Age,United States,30 - 39 years,3.1,29,"Apr 28 - May 10, 2021",04/28/2021,2021-05-10,26.1,24.7,27.6,24.7 - 27.6,NA
Symptoms of Depressive Disorder,By Age,United States,40 - 49 years,3.1,29,"Apr 28 - May 10, 2021",04/28/2021,2021-05-10,21.4,20.1,22.7,20.1 - 22.7,NA
Symptoms of Depressive Disorder,By Age,United States,50 - 59 years,3.1,29,"Apr 28 - May 10, 2021",04/28/2021,2021-05-10,20.6,19.3,21.9,19.3 - 21.9,NA
Symptoms of Depressive Disorder,By Age,United States,60 - 69 years,3.1,29,"Apr 28 - May 10, 2021",04/28/2021,2021-05-10,16.3,14.9,17.7,14.9 - 17.7,NA
Symptoms of Depressive Disorder,By Age,United States,70 - 79 years,3.1,29,"Apr 28 - May 10, 2021",04/28/2021,2021-05-10,11.7,10.5,13,10.5 - 13.0,NA
Symptoms of Depressive Disorder,By Age,United States,80 years and above,3.1,29,"Apr 28 - May 10, 2021",04/28/2021,2021-05-10,12.6,8.6,17.5,8.6 - 17.5,NA
Symptoms of Depressive Disorder,By Age,United States,18 - 29 years,3.1,30,"May 12 - May 24, 2021",05/12/2021,2021-05-24,34.6,32,37.3,32.0 - 37.3,NA
Symptoms of Depressive Disorder,By Age,United States,30 - 39 years,3.1,30,"May 12 - May 24, 2021",05/12/2021,2021-05-24,25.8,24.1,27.5,24.1 - 27.5,NA
Symptoms of Depressive Disorder,By Age,United States,40 - 49 years,3.1,30,"May 12 - May 24, 2021",05/12/2021,2021-05-24,22.7,21.2,24.4,21.2 - 24.4,NA
Symptoms of Depressive Disorder,By Age,United States,50 - 59 years,3.1,30,"May 12 - May 24, 2021",05/12/2021,2021-05-24,19.6,18.3,20.9,18.3 - 20.9,NA
Symptoms of Depressive Disorder,By Age,United States,60 - 69 years,3.1,30,"May 12 - May 24, 2021",05/12/2021,2021-05-24,15.7,14.4,17.1,14.4 - 17.1,NA
Symptoms of Depressive Disorder,By Age,United States,70 - 79 years,3.1,30,"May 12 - May 24, 2021",05/12/2021,2021-05-24,12.1,10.5,13.9,10.5 - 13.9,NA
Symptoms of Depressive Disorder,By Age,United States,80 years and above,3.1,30,"May 12 - May 24, 2021",05/12/2021,2021-05-24,10.2,6.8,14.5,6.8 - 14.5,NA
Symptoms of Depressive Disorder,By Age,United States,18 - 29 years,3.1,31,"May 26 - Jun 7, 2021",05/26/2021,2021-06-07,33.4,30.6,36.2,30.6 - 36.2,NA
Symptoms of Depressive Disorder,By Age,United States,30 - 39 years,3.1,31,"May 26 - Jun 7, 2021",05/26/2021,2021-06-07,25.2,23.5,27.1,23.5 - 27.1,NA
Symptoms of Depressive Disorder,By Age,United States,40 - 49 years,3.1,31,"May 26 - Jun 7, 2021",05/26/2021,2021-06-07,22.6,21.1,24.1,21.1 - 24.1,NA
Symptoms of Depressive Disorder,By Age,United States,50 - 59 years,3.1,31,"May 26 - Jun 7, 2021",05/26/2021,2021-06-07,19.4,18.3,20.6,18.3 - 20.6,NA
Symptoms of Depressive Disorder,By Age,United States,60 - 69 years,3.1,31,"May 26 - Jun 7, 2021",05/26/2021,2021-06-07,14.7,13.6,15.9,13.6 - 15.9,NA
Symptoms of Depressive Disorder,By Age,United States,70 - 79 years,3.1,31,"May 26 - Jun 7, 2021",05/26/2021,2021-06-07,11.4,9.9,13.1,9.9 - 13.1,NA
Symptoms of Depressive Disorder,By Age,United States,80 years and above,3.1,31,"May 26 - Jun 7, 2021",05/26/2021,2021-06-07,8.2,5.9,11.1,5.9 - 11.1,NA
Symptoms of Depressive Disorder,By Age,United States,18 - 29 years,3.1,32,"Jun 9 - Jun 21, 2021",06/09/2021,2021-06-21,36,33.7,38.4,33.7 - 38.4,NA
Symptoms of Depressive Disorder,By Age,United States,30 - 39 years,3.1,32,"Jun 9 - Jun 21, 2021",06/09/2021,2021-06-21,25.4,23.8,27.1,23.8 - 27.1,NA
Symptoms of Depressive Disorder,By Age,United States,40 - 49 years,3.1,32,"Jun 9 - Jun 21, 2021",06/09/2021,2021-06-21,23.2,21.4,25.2,21.4 - 25.2,NA
Symptoms of Depressive Disorder,By Age,United States,50 - 59 years,3.1,32,"Jun 9 - Jun 21, 2021",06/09/2021,2021-06-21,19.5,18.1,21.1,18.1 - 21.1,NA
Symptoms of Depressive Disorder,By Age,United States,60 - 69 years,3.1,32,"Jun 9 - Jun 21, 2021",06/09/2021,2021-06-21,16,14.6,17.5,14.6 - 17.5,NA
Symptoms of Depressive Disorder,By Age,United States,70 - 79 years,3.1,32,"Jun 9 - Jun 21, 2021",06/09/2021,2021-06-21,10.7,9.2,12.4,9.2 - 12.4,NA
Symptoms of Depressive Disorder,By Age,United States,80 years and above,3.1,32,"Jun 9 - Jun 21, 2021",06/09/2021,2021-06-21,6.4,5.1,7.9,5.1 - 7.9,NA
Symptoms of Depressive Disorder,By Age,United States,18 - 29 years,3.1,33,"Jun 23 - Jul 5, 2021",06/23/2021,2021-07-05,37.3,34.2,40.5,34.2 - 40.5,NA
Symptoms of Depressive Disorder,By Age,United States,30 - 39 years,3.1,33,"Jun 23 - Jul 5, 2021",06/23/2021,2021-07-05,24.4,22.8,26.1,22.8 - 26.1,NA
Symptoms of Depressive Disorder,By Age,United States,40 - 49 years,3.1,33,"Jun 23 - Jul 5, 2021",06/23/2021,2021-07-05,21.8,20.2,23.5,20.2 - 23.5,NA
Symptoms of Depressive Disorder,By Age,United States,50 - 59 years,3.1,33,"Jun 23 - Jul 5, 2021",06/23/2021,2021-07-05,18.9,17.4,20.4,17.4 - 20.4,NA
Symptoms of Depressive Disorder,By Age,United States,60 - 69 years,3.1,33,"Jun 23 - Jul 5, 2021",06/23/2021,2021-07-05,14.2,13.1,15.2,13.1 - 15.2,NA
Symptoms of Depressive Disorder,By Age,United States,70 - 79 years,3.1,33,"Jun 23 - Jul 5, 2021",06/23/2021,2021-07-05,10.3,9,11.8,9.0 - 11.8,NA
Symptoms of Depressive Disorder,By Age,United States,80 years and above,3.1,33,"Jun 23 - Jul 5, 2021",06/23/2021,2021-07-05,11.4,8.3,15.1,8.3 - 15.1,NA
Symptoms of Depressive Disorder,By Age,United States,18 - 29 years,3.2,34,"Jul 21 - Aug 2, 2021",07/21/2021,2021-08-02,38.6,35.6,41.7,35.6 - 41.7,NA
Symptoms of Depressive Disorder,By Age,United States,30 - 39 years,3.2,34,"Jul 21 - Aug 2, 2021",07/21/2021,2021-08-02,26.7,25,28.5,25.0 - 28.5,NA
Symptoms of Depressive Disorder,By Age,United States,40 - 49 years,3.2,34,"Jul 21 - Aug 2, 2021",07/21/2021,2021-08-02,22.5,20.7,24.4,20.7 - 24.4,NA
Symptoms of Depressive Disorder,By Age,United States,50 - 59 years,3.2,34,"Jul 21 - Aug 2, 2021",07/21/2021,2021-08-02,18.6,17.5,19.8,17.5 - 19.8,NA
Symptoms of Depressive Disorder,By Age,United States,60 - 69 years,3.2,34,"Jul 21 - Aug 2, 2021",07/21/2021,2021-08-02,15.3,14.1,16.6,14.1 - 16.6,NA
Symptoms of Depressive Disorder,By Age,United States,70 - 79 years,3.2,34,"Jul 21 - Aug 2, 2021",07/21/2021,2021-08-02,11.1,9.6,12.9,9.6 - 12.9,NA
Symptoms of Depressive Disorder,By Age,United States,80 years and above,3.2,34,"Jul 21 - Aug 2, 2021",07/21/2021,2021-08-02,13.2,9.9,17.2,9.9 - 17.2,NA
Symptoms of Depressive Disorder,By Age,United States,18 - 29 years,3.2,35,"Aug 4 - Aug 16, 2021",08/04/2021,2021-08-16,33.2,30.7,35.7,30.7 - 35.7,NA
Symptoms of Depressive Disorder,By Age,United States,30 - 39 years,3.2,35,"Aug 4 - Aug 16, 2021",08/04/2021,2021-08-16,26.7,25.2,28.3,25.2 - 28.3,NA
Symptoms of Depressive Disorder,By Age,United States,40 - 49 years,3.2,35,"Aug 4 - Aug 16, 2021",08/04/2021,2021-08-16,22.8,21.3,24.4,21.3 - 24.4,NA
Symptoms of Depressive Disorder,By Age,United States,50 - 59 years,3.2,35,"Aug 4 - Aug 16, 2021",08/04/2021,2021-08-16,19.6,18.2,21.2,18.2 - 21.2,NA
Symptoms of Depressive Disorder,By Age,United States,60 - 69 years,3.2,35,"Aug 4 - Aug 16, 2021",08/04/2021,2021-08-16,14.6,13.4,16,13.4 - 16.0,NA
Symptoms of Depressive Disorder,By Age,United States,70 - 79 years,3.2,35,"Aug 4 - Aug 16, 2021",08/04/2021,2021-08-16,10.3,9,11.7,9.0 - 11.7,NA
Symptoms of Depressive Disorder,By Age,United States,80 years and above,3.2,35,"Aug 4 - Aug 16, 2021",08/04/2021,2021-08-16,11.4,7.8,16,7.8 - 16.0,NA
Symptoms of Depressive Disorder,By Age,United States,18 - 29 years,3.2,36,"Aug 18 - Aug 30, 2021",08/18/2021,2021-08-30,36.7,34.6,39,34.6 - 39.0,NA
Symptoms of Depressive Disorder,By Age,United States,30 - 39 years,3.2,36,"Aug 18 - Aug 30, 2021",08/18/2021,2021-08-30,28.1,26.4,29.9,26.4 - 29.9,NA
Symptoms of Depressive Disorder,By Age,United States,40 - 49 years,3.2,36,"Aug 18 - Aug 30, 2021",08/18/2021,2021-08-30,22.9,21.5,24.5,21.5 - 24.5,NA
Symptoms of Depressive Disorder,By Age,United States,50 - 59 years,3.2,36,"Aug 18 - Aug 30, 2021",08/18/2021,2021-08-30,20.8,19.5,22.2,19.5 - 22.2,NA
Symptoms of Depressive Disorder,By Age,United States,60 - 69 years,3.2,36,"Aug 18 - Aug 30, 2021",08/18/2021,2021-08-30,16,14.8,17.3,14.8 - 17.3,NA
Symptoms of Depressive Disorder,By Age,United States,70 - 79 years,3.2,36,"Aug 18 - Aug 30, 2021",08/18/2021,2021-08-30,10.9,9.6,12.3,9.6 - 12.3,NA
Symptoms of Depressive Disorder,By Age,United States,80 years and above,3.2,36,"Aug 18 - Aug 30, 2021",08/18/2021,2021-08-30,9.8,7.1,13.2,7.1 - 13.2,NA
Symptoms of Depressive Disorder,By Age,United States,18 - 29 years,3.2,37,"Sep 1 - Sep 13, 2021",09/01/2021,2021-09-13,38.1,35.1,41.1,35.1 - 41.1,NA
Symptoms of Depressive Disorder,By Age,United States,30 - 39 years,3.2,37,"Sep 1 - Sep 13, 2021",09/01/2021,2021-09-13,26.5,24.7,28.5,24.7 - 28.5,NA
Symptoms of Depressive Disorder,By Age,United States,40 - 49 years,3.2,37,"Sep 1 - Sep 13, 2021",09/01/2021,2021-09-13,24.8,22.8,26.8,22.8 - 26.8,NA
Symptoms of Depressive Disorder,By Age,United States,50 - 59 years,3.2,37,"Sep 1 - Sep 13, 2021",09/01/2021,2021-09-13,19.8,18.2,21.5,18.2 - 21.5,NA
Symptoms of Depressive Disorder,By Age,United States,60 - 69 years,3.2,37,"Sep 1 - Sep 13, 2021",09/01/2021,2021-09-13,15.2,14,16.5,14.0 - 16.5,NA
Symptoms of Depressive Disorder,By Age,United States,70 - 79 years,3.2,37,"Sep 1 - Sep 13, 2021",09/01/2021,2021-09-13,10.1,9,11.3,9.0 - 11.3,NA
Symptoms of Depressive Disorder,By Age,United States,80 years and above,3.2,37,"Sep 1 - Sep 13, 2021",09/01/2021,2021-09-13,12.5,8.8,17.1,8.8 - 17.1,NA
Symptoms of Depressive Disorder,By Age,United States,18 - 29 years,3.2,38,"Sep 15 - Sep 27, 2021",09/15/2021,2021-09-27,36.4,33.2,39.6,33.2 - 39.6,NA
Symptoms of Depressive Disorder,By Age,United States,30 - 39 years,3.2,38,"Sep 15 - Sep 27, 2021",09/15/2021,2021-09-27,26.8,25.3,28.4,25.3 - 28.4,NA
Symptoms of Depressive Disorder,By Age,United States,40 - 49 years,3.2,38,"Sep 15 - Sep 27, 2021",09/15/2021,2021-09-27,22.3,20.8,23.8,20.8 - 23.8,NA
Symptoms of Depressive Disorder,By Age,United States,50 - 59 years,3.2,38,"Sep 15 - Sep 27, 2021",09/15/2021,2021-09-27,21.9,20.1,23.8,20.1 - 23.8,NA
Symptoms of Depressive Disorder,By Age,United States,60 - 69 years,3.2,38,"Sep 15 - Sep 27, 2021",09/15/2021,2021-09-27,15.5,14.4,16.7,14.4 - 16.7,NA
Symptoms of Depressive Disorder,By Age,United States,70 - 79 years,3.2,38,"Sep 15 - Sep 27, 2021",09/15/2021,2021-09-27,10.7,8.9,12.7,8.9 - 12.7,NA
Symptoms of Depressive Disorder,By Age,United States,80 years and above,3.2,38,"Sep 15 - Sep 27, 2021",09/15/2021,2021-09-27,12.2,8.9,16.2,8.9 - 16.2,NA
Symptoms of Depressive Disorder,By Age,United States,18 - 29 years,3.2,39,"Sep 29 - Oct 11, 2021",09/29/2021,2021-10-11,36,33.6,38.5,33.6 - 38.5,NA
Symptoms of Depressive Disorder,By Age,United States,30 - 39 years,3.2,39,"Sep 29 - Oct 11, 2021",09/29/2021,2021-10-11,25.7,24.1,27.3,24.1 - 27.3,NA
Symptoms of Depressive Disorder,By Age,United States,40 - 49 years,3.2,39,"Sep 29 - Oct 11, 2021",09/29/2021,2021-10-11,23.9,21.9,25.9,21.9 - 25.9,NA
Symptoms of Depressive Disorder,By Age,United States,50 - 59 years,3.2,39,"Sep 29 - Oct 11, 2021",09/29/2021,2021-10-11,20.3,18.7,21.9,18.7 - 21.9,NA
Symptoms of Depressive Disorder,By Age,United States,60 - 69 years,3.2,39,"Sep 29 - Oct 11, 2021",09/29/2021,2021-10-11,15.1,13.7,16.6,13.7 - 16.6,NA
Symptoms of Depressive Disorder,By Age,United States,70 - 79 years,3.2,39,"Sep 29 - Oct 11, 2021",09/29/2021,2021-10-11,10.5,9,12.1,9.0 - 12.1,NA
Symptoms of Depressive Disorder,By Age,United States,80 years and above,3.2,39,"Sep 29 - Oct 11, 2021",09/29/2021,2021-10-11,12.5,9.1,16.6,9.1 - 16.6,NA
Symptoms of Depressive Disorder,By Age,United States,18 - 29 years,3.3,40,"Dec 1 - Dec 13, 2021",12/01/2021,2021-12-13,32.6,30.4,34.8,30.4 - 34.8,NA
Symptoms of Depressive Disorder,By Age,United States,30 - 39 years,3.3,40,"Dec 1 - Dec 13, 2021",12/01/2021,2021-12-13,25.3,23.5,27.2,23.5 - 27.2,NA
Symptoms of Depressive Disorder,By Age,United States,40 - 49 years,3.3,40,"Dec 1 - Dec 13, 2021",12/01/2021,2021-12-13,24,22.3,25.8,22.3 - 25.8,NA
Symptoms of Depressive Disorder,By Age,United States,50 - 59 years,3.3,40,"Dec 1 - Dec 13, 2021",12/01/2021,2021-12-13,21,19,23,19.0 - 23.0,NA
Symptoms of Depressive Disorder,By Age,United States,60 - 69 years,3.3,40,"Dec 1 - Dec 13, 2021",12/01/2021,2021-12-13,14.4,13.1,15.9,13.1 - 15.9,NA
Symptoms of Depressive Disorder,By Age,United States,70 - 79 years,3.3,40,"Dec 1 - Dec 13, 2021",12/01/2021,2021-12-13,9.4,7.9,11.1,7.9 - 11.1,NA
Symptoms of Depressive Disorder,By Age,United States,80 years and above,3.3,40,"Dec 1 - Dec 13, 2021",12/01/2021,2021-12-13,13.2,7.7,20.6,7.7 - 20.6,NA
Symptoms of Depressive Disorder,By Age,United States,18 - 29 years,3.3,41,"Dec 29, 2021 - Jan 10, 2022",12/29/2021,2022-01-10,35.4,33.1,37.9,33.1 - 37.9,NA
Symptoms of Depressive Disorder,By Age,United States,30 - 39 years,3.3,41,"Dec 29, 2021 - Jan 10, 2022",12/29/2021,2022-01-10,28.5,26.9,30.2,26.9 - 30.2,NA
Symptoms of Depressive Disorder,By Age,United States,40 - 49 years,3.3,41,"Dec 29, 2021 - Jan 10, 2022",12/29/2021,2022-01-10,24,22.6,25.5,22.6 - 25.5,NA
Symptoms of Depressive Disorder,By Age,United States,50 - 59 years,3.3,41,"Dec 29, 2021 - Jan 10, 2022",12/29/2021,2022-01-10,20.9,19.2,22.5,19.2 - 22.5,NA
Symptoms of Depressive Disorder,By Age,United States,60 - 69 years,3.3,41,"Dec 29, 2021 - Jan 10, 2022",12/29/2021,2022-01-10,16.3,15.2,17.5,15.2 - 17.5,NA
Symptoms of Depressive Disorder,By Age,United States,70 - 79 years,3.3,41,"Dec 29, 2021 - Jan 10, 2022",12/29/2021,2022-01-10,11.2,9.6,13,9.6 - 13.0,NA
Symptoms of Depressive Disorder,By Age,United States,80 years and above,3.3,41,"Dec 29, 2021 - Jan 10, 2022",12/29/2021,2022-01-10,9,6.4,12.2,6.4 - 12.2,NA
Symptoms of Depressive Disorder,By Age,United States,18 - 29 years,3.3,42,"Jan 26 - Feb 7, 2022",01/26/2022,2022-02-07,35.5,33.1,38,33.1 - 38.0,NA
Symptoms of Depressive Disorder,By Age,United States,30 - 39 years,3.3,42,"Jan 26 - Feb 7, 2022",01/26/2022,2022-02-07,29.3,27.7,30.9,27.7 - 30.9,NA
Symptoms of Depressive Disorder,By Age,United States,40 - 49 years,3.3,42,"Jan 26 - Feb 7, 2022",01/26/2022,2022-02-07,22.3,20.7,24,20.7 - 24.0,NA
Symptoms of Depressive Disorder,By Age,United States,50 - 59 years,3.3,42,"Jan 26 - Feb 7, 2022",01/26/2022,2022-02-07,20.2,19.2,21.3,19.2 - 21.3,NA
Symptoms of Depressive Disorder,By Age,United States,60 - 69 years,3.3,42,"Jan 26 - Feb 7, 2022",01/26/2022,2022-02-07,15.3,14.3,16.4,14.3 - 16.4,NA
Symptoms of Depressive Disorder,By Age,United States,70 - 79 years,3.3,42,"Jan 26 - Feb 7, 2022",01/26/2022,2022-02-07,10.1,9,11.4,9.0 - 11.4,NA
Symptoms of Depressive Disorder,By Age,United States,80 years and above,3.3,42,"Jan 26 - Feb 7, 2022",01/26/2022,2022-02-07,8.2,6,10.8,6.0 - 10.8,NA
Symptoms of Depressive Disorder,By Age,United States,18 - 29 years,3.4,43,"Mar 2 - Mar 14, 2022",03/02/2022,2022-03-14,34.7,32.3,37.1,32.3 - 37.1,NA
Symptoms of Depressive Disorder,By Age,United States,30 - 39 years,3.4,43,"Mar 2 - Mar 14, 2022",03/02/2022,2022-03-14,26.7,24.7,28.7,24.7 - 28.7,NA
Symptoms of Depressive Disorder,By Age,United States,40 - 49 years,3.4,43,"Mar 2 - Mar 14, 2022",03/02/2022,2022-03-14,22.6,21.3,23.9,21.3 - 23.9,NA
Symptoms of Depressive Disorder,By Age,United States,50 - 59 years,3.4,43,"Mar 2 - Mar 14, 2022",03/02/2022,2022-03-14,19.4,18.2,20.5,18.2 - 20.5,NA
Symptoms of Depressive Disorder,By Age,United States,60 - 69 years,3.4,43,"Mar 2 - Mar 14, 2022",03/02/2022,2022-03-14,15.5,14.5,16.4,14.5 - 16.4,NA
Symptoms of Depressive Disorder,By Age,United States,70 - 79 years,3.4,43,"Mar 2 - Mar 14, 2022",03/02/2022,2022-03-14,11,9.9,12.2,9.9 - 12.2,NA
Symptoms of Depressive Disorder,By Age,United States,80 years and above,3.4,43,"Mar 2 - Mar 14, 2022",03/02/2022,2022-03-14,12.8,9,17.5,9.0 - 17.5,NA
Symptoms of Depressive Disorder,By Age,United States,18 - 29 years,3.4,44,"Mar 30 - Apr 11, 2022",03/30/2022,2022-04-11,35.3,32.6,38.2,32.6 - 38.2,NA
Symptoms of Depressive Disorder,By Age,United States,30 - 39 years,3.4,44,"Mar 30 - Apr 11, 2022",03/30/2022,2022-04-11,27.7,25.7,29.8,25.7 - 29.8,NA
Symptoms of Depressive Disorder,By Age,United States,40 - 49 years,3.4,44,"Mar 30 - Apr 11, 2022",03/30/2022,2022-04-11,23.1,21.4,25,21.4 - 25.0,NA
Symptoms of Depressive Disorder,By Age,United States,50 - 59 years,3.4,44,"Mar 30 - Apr 11, 2022",03/30/2022,2022-04-11,20.3,19.1,21.7,19.1 - 21.7,NA
Symptoms of Depressive Disorder,By Age,United States,60 - 69 years,3.4,44,"Mar 30 - Apr 11, 2022",03/30/2022,2022-04-11,14.8,13.7,16.1,13.7 - 16.1,NA
Symptoms of Depressive Disorder,By Age,United States,70 - 79 years,3.4,44,"Mar 30 - Apr 11, 2022",03/30/2022,2022-04-11,10.6,9.2,12.2,9.2 - 12.2,NA
Symptoms of Depressive Disorder,By Age,United States,80 years and above,3.4,44,"Mar 30 - Apr 11, 2022",03/30/2022,2022-04-11,7,4.9,9.8,4.9 - 9.8,NA
Symptoms of Depressive Disorder,By Age,United States,18 - 29 years,3.4,45,"Apr 27 - May 9, 2022",04/27/2022,2022-05-09,34.5,30.7,38.4,30.7 - 38.4,NA
Symptoms of Depressive Disorder,By Age,United States,30 - 39 years,3.4,45,"Apr 27 - May 9, 2022",04/27/2022,2022-05-09,29.2,27,31.4,27.0 - 31.4,NA
Symptoms of Depressive Disorder,By Age,United States,40 - 49 years,3.4,45,"Apr 27 - May 9, 2022",04/27/2022,2022-05-09,23.4,21.8,25.1,21.8 - 25.1,NA
Symptoms of Depressive Disorder,By Age,United States,50 - 59 years,3.4,45,"Apr 27 - May 9, 2022",04/27/2022,2022-05-09,21.6,20.1,23.1,20.1 - 23.1,NA
Symptoms of Depressive Disorder,By Age,United States,60 - 69 years,3.4,45,"Apr 27 - May 9, 2022",04/27/2022,2022-05-09,13.5,12.5,14.6,12.5 - 14.6,NA
Symptoms of Depressive Disorder,By Age,United States,70 - 79 years,3.4,45,"Apr 27 - May 9, 2022",04/27/2022,2022-05-09,10.2,8.6,12,8.6 - 12.0,NA
Symptoms of Depressive Disorder,By Age,United States,80 years and above,3.4,45,"Apr 27 - May 9, 2022",04/27/2022,2022-05-09,9.5,6.5,13.3,6.5 - 13.3,NA
Symptoms of Depressive Disorder,By Age,United States,18 - 29 years,3.5,46,"Jun 1 - Jun 13, 2022",06/01/2022,2022-06-13,36.6,33.3,40.1,33.3 - 40.1,NA
Symptoms of Depressive Disorder,By Age,United States,30 - 39 years,3.5,46,"Jun 1 - Jun 13, 2022",06/01/2022,2022-06-13,26.8,25.1,28.6,25.1 - 28.6,NA
Symptoms of Depressive Disorder,By Age,United States,40 - 49 years,3.5,46,"Jun 1 - Jun 13, 2022",06/01/2022,2022-06-13,22.6,20.9,24.3,20.9 - 24.3,NA
Symptoms of Depressive Disorder,By Age,United States,50 - 59 years,3.5,46,"Jun 1 - Jun 13, 2022",06/01/2022,2022-06-13,21.9,20.2,23.6,20.2 - 23.6,NA
Symptoms of Depressive Disorder,By Age,United States,60 - 69 years,3.5,46,"Jun 1 - Jun 13, 2022",06/01/2022,2022-06-13,16.2,15,17.5,15.0 - 17.5,NA
Symptoms of Depressive Disorder,By Age,United States,70 - 79 years,3.5,46,"Jun 1 - Jun 13, 2022",06/01/2022,2022-06-13,10.3,9.2,11.6,9.2 - 11.6,NA
Symptoms of Depressive Disorder,By Age,United States,80 years and above,3.5,46,"Jun 1 - Jun 13, 2022",06/01/2022,2022-06-13,13.4,9.6,18.2,9.6 - 18.2,NA
Symptoms of Depressive Disorder,By Age,United States,18 - 29 years,3.5,47,"Jun 29 - Jul 11, 2022",06/29/2022,2022-07-11,36.9,34.2,39.7,34.2 - 39.7,NA
Symptoms of Depressive Disorder,By Age,United States,30 - 39 years,3.5,47,"Jun 29 - Jul 11, 2022",06/29/2022,2022-07-11,27.7,25.9,29.7,25.9 - 29.7,NA
Symptoms of Depressive Disorder,By Age,United States,40 - 49 years,3.5,47,"Jun 29 - Jul 11, 2022",06/29/2022,2022-07-11,25.3,23.7,27,23.7 - 27.0,NA
Symptoms of Depressive Disorder,By Age,United States,50 - 59 years,3.5,47,"Jun 29 - Jul 11, 2022",06/29/2022,2022-07-11,22.8,21.1,24.6,21.1 - 24.6,NA
Symptoms of Depressive Disorder,By Age,United States,60 - 69 years,3.5,47,"Jun 29 - Jul 11, 2022",06/29/2022,2022-07-11,15.8,14.5,17.2,14.5 - 17.2,NA
Symptoms of Depressive Disorder,By Age,United States,70 - 79 years,3.5,47,"Jun 29 - Jul 11, 2022",06/29/2022,2022-07-11,11.8,10.2,13.6,10.2 - 13.6,NA
Symptoms of Depressive Disorder,By Age,United States,80 years and above,3.5,47,"Jun 29 - Jul 11, 2022",06/29/2022,2022-07-11,9.6,6.8,13.1,6.8 - 13.1,NA
Symptoms of Depressive Disorder,By Age,United States,18 - 29 years,3.5,48,"Jul 27 - Aug 8, 2022",07/27/2022,2022-08-08,32.4,30.5,34.3,30.5 - 34.3,NA
Symptoms of Depressive Disorder,By Age,United States,30 - 39 years,3.5,48,"Jul 27 - Aug 8, 2022",07/27/2022,2022-08-08,27,25.1,29,25.1 - 29.0,NA
Symptoms of Depressive Disorder,By Age,United States,40 - 49 years,3.5,48,"Jul 27 - Aug 8, 2022",07/27/2022,2022-08-08,22.6,20.9,24.4,20.9 - 24.4,NA
Symptoms of Depressive Disorder,By Age,United States,50 - 59 years,3.5,48,"Jul 27 - Aug 8, 2022",07/27/2022,2022-08-08,22.6,20.7,24.6,20.7 - 24.6,NA
Symptoms of Depressive Disorder,By Age,United States,60 - 69 years,3.5,48,"Jul 27 - Aug 8, 2022",07/27/2022,2022-08-08,15.1,13.7,16.7,13.7 - 16.7,NA
Symptoms of Depressive Disorder,By Age,United States,70 - 79 years,3.5,48,"Jul 27 - Aug 8, 2022",07/27/2022,2022-08-08,11,9.3,12.9,9.3 - 12.9,NA
Symptoms of Depressive Disorder,By Age,United States,80 years and above,3.5,48,"Jul 27 - Aug 8, 2022",07/27/2022,2022-08-08,7.4,4.5,11.5,4.5 - 11.5,NA
Symptoms of Depressive Disorder,By Age,United States,18 - 29 years,3.6,49,"Sep 14 - Sep 26, 2022",09/14/2022,2022-09-26,34.4,31.9,36.9,31.9 - 36.9,NA
Symptoms of Depressive Disorder,By Age,United States,30 - 39 years,3.6,49,"Sep 14 - Sep 26, 2022",09/14/2022,2022-09-26,27.7,25.7,29.7,25.7 - 29.7,NA
Symptoms of Depressive Disorder,By Age,United States,40 - 49 years,3.6,49,"Sep 14 - Sep 26, 2022",09/14/2022,2022-09-26,26.3,24.2,28.4,24.2 - 28.4,NA
Symptoms of Depressive Disorder,By Age,United States,50 - 59 years,3.6,49,"Sep 14 - Sep 26, 2022",09/14/2022,2022-09-26,25.5,23.7,27.3,23.7 - 27.3,NA
Symptoms of Depressive Disorder,By Age,United States,60 - 69 years,3.6,49,"Sep 14 - Sep 26, 2022",09/14/2022,2022-09-26,17.7,16.3,19.2,16.3 - 19.2,NA
Symptoms of Depressive Disorder,By Age,United States,70 - 79 years,3.6,49,"Sep 14 - Sep 26, 2022",09/14/2022,2022-09-26,12.4,10.5,14.4,10.5 - 14.4,NA
Symptoms of Depressive Disorder,By Age,United States,80 years and above,3.6,49,"Sep 14 - Sep 26, 2022",09/14/2022,2022-09-26,12.1,6.8,19.4,6.8 - 19.4,NA
Symptoms of Depressive Disorder,By Age,United States,18 - 29 years,3.6,50,"Oct 5 - Oct 17, 2022",10/05/2022,2022-10-17,39,35.8,42.3,35.8 - 42.3,NA
Symptoms of Depressive Disorder,By Age,United States,30 - 39 years,3.6,50,"Oct 5 - Oct 17, 2022",10/05/2022,2022-10-17,27.8,25.4,30.4,25.4 - 30.4,NA
Symptoms of Depressive Disorder,By Age,United States,40 - 49 years,3.6,50,"Oct 5 - Oct 17, 2022",10/05/2022,2022-10-17,25.5,23.6,27.4,23.6 - 27.4,NA
Symptoms of Depressive Disorder,By Age,United States,50 - 59 years,3.6,50,"Oct 5 - Oct 17, 2022",10/05/2022,2022-10-17,24.4,22.6,26.3,22.6 - 26.3,NA
Symptoms of Depressive Disorder,By Age,United States,60 - 69 years,3.6,50,"Oct 5 - Oct 17, 2022",10/05/2022,2022-10-17,19,17.1,21,17.1 - 21.0,NA
Symptoms of Depressive Disorder,By Age,United States,70 - 79 years,3.6,50,"Oct 5 - Oct 17, 2022",10/05/2022,2022-10-17,14,12,16.3,12.0 - 16.3,NA
Symptoms of Depressive Disorder,By Age,United States,80 years and above,3.6,50,"Oct 5 - Oct 17, 2022",10/05/2022,2022-10-17,13.3,10.1,17.2,10.1 - 17.2,NA
Symptoms of Depressive Disorder,By Age,United States,18 - 29 years,3.6,51,"Nov 2 - Nov 14, 2022",11/02/2022,2022-11-14,35.3,33.4,37.3,33.4 - 37.3,NA
Symptoms of Depressive Disorder,By Age,United States,30 - 39 years,3.6,51,"Nov 2 - Nov 14, 2022",11/02/2022,2022-11-14,27.6,26.1,29.2,26.1 - 29.2,NA
Symptoms of Depressive Disorder,By Age,United States,40 - 49 years,3.6,51,"Nov 2 - Nov 14, 2022",11/02/2022,2022-11-14,25.6,23.6,27.7,23.6 - 27.7,NA
Symptoms of Depressive Disorder,By Age,United States,50 - 59 years,3.6,51,"Nov 2 - Nov 14, 2022",11/02/2022,2022-11-14,22.6,20.8,24.4,20.8 - 24.4,NA
Symptoms of Depressive Disorder,By Age,United States,60 - 69 years,3.6,51,"Nov 2 - Nov 14, 2022",11/02/2022,2022-11-14,17.6,16.2,19.1,16.2 - 19.1,NA
Symptoms of Depressive Disorder,By Age,United States,70 - 79 years,3.6,51,"Nov 2 - Nov 14, 2022",11/02/2022,2022-11-14,11.4,10.2,12.8,10.2 - 12.8,NA
Symptoms of Depressive Disorder,By Age,United States,80 years and above,3.6,51,"Nov 2 - Nov 14, 2022",11/02/2022,2022-11-14,16.5,10.7,23.9,10.7 - 23.9,NA
Symptoms of Depressive Disorder,By Age,United States,18 - 29 years,3.7,52,"Dec 9 - Dec 19, 2022",12/09/2022,2022-12-19,35.5,32.9,38.2,32.9 - 38.2,NA
Symptoms of Depressive Disorder,By Age,United States,30 - 39 years,3.7,52,"Dec 9 - Dec 19, 2022",12/09/2022,2022-12-19,26.9,25.2,28.8,25.2 - 28.8,NA
Symptoms of Depressive Disorder,By Age,United States,40 - 49 years,3.7,52,"Dec 9 - Dec 19, 2022",12/09/2022,2022-12-19,24.5,23.1,25.8,23.1 - 25.8,NA
Symptoms of Depressive Disorder,By Age,United States,50 - 59 years,3.7,52,"Dec 9 - Dec 19, 2022",12/09/2022,2022-12-19,22.7,21.3,24.1,21.3 - 24.1,NA
Symptoms of Depressive Disorder,By Age,United States,60 - 69 years,3.7,52,"Dec 9 - Dec 19, 2022",12/09/2022,2022-12-19,17.1,15.8,18.4,15.8 - 18.4,NA
Symptoms of Depressive Disorder,By Age,United States,70 - 79 years,3.7,52,"Dec 9 - Dec 19, 2022",12/09/2022,2022-12-19,14,12.2,15.9,12.2 - 15.9,NA
Symptoms of Depressive Disorder,By Age,United States,80 years and above,3.7,52,"Dec 9 - Dec 19, 2022",12/09/2022,2022-12-19,11,7.4,15.4,7.4 - 15.4,NA
Symptoms of Depressive Disorder,By Age,United States,18 - 29 years,3.7,53,"Jan 4 - Jan 16, 2023",01/04/2023,2023-01-16,34,31.6,36.3,31.6 - 36.3,NA
Symptoms of Depressive Disorder,By Age,United States,30 - 39 years,3.7,53,"Jan 4 - Jan 16, 2023",01/04/2023,2023-01-16,25.1,23.6,26.7,23.6 - 26.7,NA
Symptoms of Depressive Disorder,By Age,United States,40 - 49 years,3.7,53,"Jan 4 - Jan 16, 2023",01/04/2023,2023-01-16,22.5,21.1,24,21.1 - 24.0,NA
Symptoms of Depressive Disorder,By Age,United States,50 - 59 years,3.7,53,"Jan 4 - Jan 16, 2023",01/04/2023,2023-01-16,22.3,20.8,23.9,20.8 - 23.9,NA
Symptoms of Depressive Disorder,By Age,United States,60 - 69 years,3.7,53,"Jan 4 - Jan 16, 2023",01/04/2023,2023-01-16,16.8,15.5,18.1,15.5 - 18.1,NA
Symptoms of Depressive Disorder,By Age,United States,70 - 79 years,3.7,53,"Jan 4 - Jan 16, 2023",01/04/2023,2023-01-16,11.5,10.2,12.9,10.2 - 12.9,NA
Symptoms of Depressive Disorder,By Age,United States,80 years and above,3.7,53,"Jan 4 - Jan 16, 2023",01/04/2023,2023-01-16,10.7,7.7,14.3,7.7 - 14.3,NA
Symptoms of Depressive Disorder,By Age,United States,18 - 29 years,3.7,54,"Feb 1 - Feb 13, 2023",02/01/2023,2023-02-13,33.8,31.6,36.1,31.6 - 36.1,NA
Symptoms of Depressive Disorder,By Age,United States,30 - 39 years,3.7,54,"Feb 1 - Feb 13, 2023",02/01/2023,2023-02-13,26.4,25,27.8,25.0 - 27.8,NA
Symptoms of Depressive Disorder,By Age,United States,40 - 49 years,3.7,54,"Feb 1 - Feb 13, 2023",02/01/2023,2023-02-13,21.5,20.3,22.9,20.3 - 22.9,NA
Symptoms of Depressive Disorder,By Age,United States,50 - 59 years,3.7,54,"Feb 1 - Feb 13, 2023",02/01/2023,2023-02-13,20.1,19,21.3,19.0 - 21.3,NA
Symptoms of Depressive Disorder,By Age,United States,60 - 69 years,3.7,54,"Feb 1 - Feb 13, 2023",02/01/2023,2023-02-13,16,14.9,17.2,14.9 - 17.2,NA
Symptoms of Depressive Disorder,By Age,United States,70 - 79 years,3.7,54,"Feb 1 - Feb 13, 2023",02/01/2023,2023-02-13,11.8,10.6,13,10.6 - 13.0,NA
Symptoms of Depressive Disorder,By Age,United States,80 years and above,3.7,54,"Feb 1 - Feb 13, 2023",02/01/2023,2023-02-13,11.5,8.7,14.8,8.7 - 14.8,NA
Symptoms of Depressive Disorder,By Age,United States,18 - 29 years,3.8,55,"Mar 1 - Mar 13, 2023",03/01/2023,2023-03-13,32.8,30.5,35.1,30.5 - 35.1,NA
Symptoms of Depressive Disorder,By Age,United States,30 - 39 years,3.8,55,"Mar 1 - Mar 13, 2023",03/01/2023,2023-03-13,25,23.9,26.2,23.9 - 26.2,NA
Symptoms of Depressive Disorder,By Age,United States,40 - 49 years,3.8,55,"Mar 1 - Mar 13, 2023",03/01/2023,2023-03-13,22.5,20.9,24.2,20.9 - 24.2,NA
Symptoms of Depressive Disorder,By Age,United States,50 - 59 years,3.8,55,"Mar 1 - Mar 13, 2023",03/01/2023,2023-03-13,21.1,19.5,22.8,19.5 - 22.8,NA
Symptoms of Depressive Disorder,By Age,United States,60 - 69 years,3.8,55,"Mar 1 - Mar 13, 2023",03/01/2023,2023-03-13,17,15.8,18.3,15.8 - 18.3,NA
Symptoms of Depressive Disorder,By Age,United States,70 - 79 years,3.8,55,"Mar 1 - Mar 13, 2023",03/01/2023,2023-03-13,12.7,11.1,14.3,11.1 - 14.3,NA
Symptoms of Depressive Disorder,By Age,United States,80 years and above,3.8,55,"Mar 1 - Mar 13, 2023",03/01/2023,2023-03-13,11,8.6,13.9,8.6 - 13.9,NA
Symptoms of Depressive Disorder,By Age,United States,18 - 29 years,3.8,56,"Mar 29 - Apr 10, 2023",03/29/2023,2023-04-10,32.1,29.8,34.5,29.8 - 34.5,NA
Symptoms of Depressive Disorder,By Age,United States,30 - 39 years,3.8,56,"Mar 29 - Apr 10, 2023",03/29/2023,2023-04-10,25.4,23.9,27,23.9 - 27.0,NA
Symptoms of Depressive Disorder,By Age,United States,40 - 49 years,3.8,56,"Mar 29 - Apr 10, 2023",03/29/2023,2023-04-10,21.3,19.8,22.8,19.8 - 22.8,NA
Symptoms of Depressive Disorder,By Age,United States,50 - 59 years,3.8,56,"Mar 29 - Apr 10, 2023",03/29/2023,2023-04-10,20,18.6,21.4,18.6 - 21.4,NA
Symptoms of Depressive Disorder,By Age,United States,60 - 69 years,3.8,56,"Mar 29 - Apr 10, 2023",03/29/2023,2023-04-10,14.9,13.8,16,13.8 - 16.0,NA
Symptoms of Depressive Disorder,By Age,United States,70 - 79 years,3.8,56,"Mar 29 - Apr 10, 2023",03/29/2023,2023-04-10,12.4,10.7,14.3,10.7 - 14.3,NA
Symptoms of Depressive Disorder,By Age,United States,80 years and above,3.8,56,"Mar 29 - Apr 10, 2023",03/29/2023,2023-04-10,11.4,8.5,15,8.5 - 15.0,NA
Symptoms of Depressive Disorder,By Age,United States,18 - 29 years,3.8,57,"Apr 26 - May 8, 2023",04/26/2023,2023-05-08,33.4,30.6,36.3,30.6 - 36.3,NA
Symptoms of Depressive Disorder,By Age,United States,30 - 39 years,3.8,57,"Apr 26 - May 8, 2023",04/26/2023,2023-05-08,23.6,22,25.3,22.0 - 25.3,NA
Symptoms of Depressive Disorder,By Age,United States,40 - 49 years,3.8,57,"Apr 26 - May 8, 2023",04/26/2023,2023-05-08,24.1,22.3,25.9,22.3 - 25.9,NA
Symptoms of Depressive Disorder,By Age,United States,50 - 59 years,3.8,57,"Apr 26 - May 8, 2023",04/26/2023,2023-05-08,21.1,19.4,22.9,19.4 - 22.9,NA
Symptoms of Depressive Disorder,By Age,United States,60 - 69 years,3.8,57,"Apr 26 - May 8, 2023",04/26/2023,2023-05-08,16.2,14.8,17.7,14.8 - 17.7,NA
Symptoms of Depressive Disorder,By Age,United States,70 - 79 years,3.8,57,"Apr 26 - May 8, 2023",04/26/2023,2023-05-08,12.3,11,13.7,11.0 - 13.7,NA
Symptoms of Depressive Disorder,By Age,United States,80 years and above,3.8,57,"Apr 26 - May 8, 2023",04/26/2023,2023-05-08,10.8,8,14.2,8.0 - 14.2,NA
Symptoms of Depressive Disorder,By Age,United States,18 - 29 years,3.9,58,"Jun 7 - Jun 19, 2023",06/07/2023,2023-06-19,32.3,29.7,35,29.7 - 35.0,NA
Symptoms of Depressive Disorder,By Age,United States,30 - 39 years,3.9,58,"Jun 7 - Jun 19, 2023",06/07/2023,2023-06-19,26.1,24.4,27.9,24.4 - 27.9,NA
Symptoms of Depressive Disorder,By Age,United States,40 - 49 years,3.9,58,"Jun 7 - Jun 19, 2023",06/07/2023,2023-06-19,23.2,21.7,24.8,21.7 - 24.8,NA
Symptoms of Depressive Disorder,By Age,United States,50 - 59 years,3.9,58,"Jun 7 - Jun 19, 2023",06/07/2023,2023-06-19,19.7,18.5,20.9,18.5 - 20.9,NA
Symptoms of Depressive Disorder,By Age,United States,60 - 69 years,3.9,58,"Jun 7 - Jun 19, 2023",06/07/2023,2023-06-19,14.9,13.8,16.1,13.8 - 16.1,NA
Symptoms of Depressive Disorder,By Age,United States,70 - 79 years,3.9,58,"Jun 7 - Jun 19, 2023",06/07/2023,2023-06-19,12.4,11,13.9,11.0 - 13.9,NA
Symptoms of Depressive Disorder,By Age,United States,80 years and above,3.9,58,"Jun 7 - Jun 19, 2023",06/07/2023,2023-06-19,15.3,10.7,20.9,10.7 - 20.9,NA
Symptoms of Depressive Disorder,By Age,United States,18 - 29 years,3.9,59,"Jun 28 - Jul 10, 2023",06/28/2023,2023-07-10,32.6,30.1,35.1,30.1 - 35.1,NA
Symptoms of Depressive Disorder,By Age,United States,30 - 39 years,3.9,59,"Jun 28 - Jul 10, 2023",06/28/2023,2023-07-10,26.2,24.6,27.9,24.6 - 27.9,NA
Symptoms of Depressive Disorder,By Age,United States,40 - 49 years,3.9,59,"Jun 28 - Jul 10, 2023",06/28/2023,2023-07-10,22.5,21.4,23.7,21.4 - 23.7,NA
Symptoms of Depressive Disorder,By Age,United States,50 - 59 years,3.9,59,"Jun 28 - Jul 10, 2023",06/28/2023,2023-07-10,21.8,20.5,23.1,20.5 - 23.1,NA
Symptoms of Depressive Disorder,By Age,United States,60 - 69 years,3.9,59,"Jun 28 - Jul 10, 2023",06/28/2023,2023-07-10,15.9,14.6,17.3,14.6 - 17.3,NA
Symptoms of Depressive Disorder,By Age,United States,70 - 79 years,3.9,59,"Jun 28 - Jul 10, 2023",06/28/2023,2023-07-10,12.1,10.5,13.8,10.5 - 13.8,NA
Symptoms of Depressive Disorder,By Age,United States,80 years and above,3.9,59,"Jun 28 - Jul 10, 2023",06/28/2023,2023-07-10,13.6,10.5,17.3,10.5 - 17.3,NA
Symptoms of Depressive Disorder,By Age,United States,18 - 29 years,3.9,60,"Jul 26 - Aug 7, 2023",07/26/2023,2023-08-07,35.5,33.2,37.8,33.2 - 37.8,NA
Symptoms of Depressive Disorder,By Age,United States,30 - 39 years,3.9,60,"Jul 26 - Aug 7, 2023",07/26/2023,2023-08-07,26.3,24.5,28.1,24.5 - 28.1,NA
Symptoms of Depressive Disorder,By Age,United States,40 - 49 years,3.9,60,"Jul 26 - Aug 7, 2023",07/26/2023,2023-08-07,20.7,19.3,22,19.3 - 22.0,NA
Symptoms of Depressive Disorder,By Age,United States,50 - 59 years,3.9,60,"Jul 26 - Aug 7, 2023",07/26/2023,2023-08-07,19.4,18.2,20.6,18.2 - 20.6,NA
Symptoms of Depressive Disorder,By Age,United States,60 - 69 years,3.9,60,"Jul 26 - Aug 7, 2023",07/26/2023,2023-08-07,17.2,15.8,18.7,15.8 - 18.7,NA
Symptoms of Depressive Disorder,By Age,United States,70 - 79 years,3.9,60,"Jul 26 - Aug 7, 2023",07/26/2023,2023-08-07,10.7,9.5,12,9.5 - 12.0,NA
Symptoms of Depressive Disorder,By Age,United States,80 years and above,3.9,60,"Jul 26 - Aug 7, 2023",07/26/2023,2023-08-07,12.1,8.5,16.6,8.5 - 16.6,NA
Symptoms of Depressive Disorder,By Age,United States,18 - 29 years,3.10,61,"Aug 23 - Sep 4, 2023",08/23/2023,2023-09-04,29.7,27.4,32,27.4 - 32.0,NA
Symptoms of Depressive Disorder,By Age,United States,30 - 39 years,3.10,61,"Aug 23 - Sep 4, 2023",08/23/2023,2023-09-04,23,21.3,24.7,21.3 - 24.7,NA
Symptoms of Depressive Disorder,By Age,United States,40 - 49 years,3.10,61,"Aug 23 - Sep 4, 2023",08/23/2023,2023-09-04,19.4,18.2,20.7,18.2 - 20.7,NA
Symptoms of Depressive Disorder,By Age,United States,50 - 59 years,3.10,61,"Aug 23 - Sep 4, 2023",08/23/2023,2023-09-04,16.7,15.5,17.9,15.5 - 17.9,NA
Symptoms of Depressive Disorder,By Age,United States,60 - 69 years,3.10,61,"Aug 23 - Sep 4, 2023",08/23/2023,2023-09-04,13.1,11.8,14.4,11.8 - 14.4,NA
Symptoms of Depressive Disorder,By Age,United States,70 - 79 years,3.10,61,"Aug 23 - Sep 4, 2023",08/23/2023,2023-09-04,10.9,9.6,12.3,9.6 - 12.3,NA
Symptoms of Depressive Disorder,By Age,United States,80 years and above,3.10,61,"Aug 23 - Sep 4, 2023",08/23/2023,2023-09-04,11.3,8.7,14.3,8.7 - 14.3,NA
Symptoms of Depressive Disorder,By Age,United States,18 - 29 years,3.10,62,"Sep 20 - Oct 2, 2023",09/20/2023,2023-10-02,34.9,32.5,37.4,32.5 - 37.4,NA
Symptoms of Depressive Disorder,By Age,United States,30 - 39 years,3.10,62,"Sep 20 - Oct 2, 2023",09/20/2023,2023-10-02,27.2,25.6,28.8,25.6 - 28.8,NA
Symptoms of Depressive Disorder,By Age,United States,40 - 49 years,3.10,62,"Sep 20 - Oct 2, 2023",09/20/2023,2023-10-02,23.2,22,24.4,22.0 - 24.4,NA
Symptoms of Depressive Disorder,By Age,United States,50 - 59 years,3.10,62,"Sep 20 - Oct 2, 2023",09/20/2023,2023-10-02,21.1,19.7,22.6,19.7 - 22.6,NA
Symptoms of Depressive Disorder,By Age,United States,60 - 69 years,3.10,62,"Sep 20 - Oct 2, 2023",09/20/2023,2023-10-02,15.7,14.8,16.7,14.8 - 16.7,NA
Symptoms of Depressive Disorder,By Age,United States,70 - 79 years,3.10,62,"Sep 20 - Oct 2, 2023",09/20/2023,2023-10-02,12.9,11.6,14.2,11.6 - 14.2,NA
Symptoms of Depressive Disorder,By Age,United States,80 years and above,3.10,62,"Sep 20 - Oct 2, 2023",09/20/2023,2023-10-02,11.6,9.1,14.4,9.1 - 14.4,NA
Symptoms of Depressive Disorder,By Age,United States,18 - 29 years,3.10,63,"Oct 18 - Oct 30, 2023",10/18/2023,2023-10-30,35.3,32.9,37.7,32.9 - 37.7,NA
Symptoms of Depressive Disorder,By Age,United States,30 - 39 years,3.10,63,"Oct 18 - Oct 30, 2023",10/18/2023,2023-10-30,27.6,26.1,29.1,26.1 - 29.1,NA
Symptoms of Depressive Disorder,By Age,United States,40 - 49 years,3.10,63,"Oct 18 - Oct 30, 2023",10/18/2023,2023-10-30,24.3,22.8,25.9,22.8 - 25.9,NA
Symptoms of Depressive Disorder,By Age,United States,50 - 59 years,3.10,63,"Oct 18 - Oct 30, 2023",10/18/2023,2023-10-30,21.1,20,22.3,20.0 - 22.3,NA
Symptoms of Depressive Disorder,By Age,United States,60 - 69 years,3.10,63,"Oct 18 - Oct 30, 2023",10/18/2023,2023-10-30,16.2,15.2,17.3,15.2 - 17.3,NA
Symptoms of Depressive Disorder,By Age,United States,70 - 79 years,3.10,63,"Oct 18 - Oct 30, 2023",10/18/2023,2023-10-30,12,10.6,13.4,10.6 - 13.4,NA
Symptoms of Depressive Disorder,By Age,United States,80 years and above,3.10,63,"Oct 18 - Oct 30, 2023",10/18/2023,2023-10-30,11.1,8.6,14.1,8.6 - 14.1,NA
Symptoms of Depressive Disorder,By Age,United States,18 - 29 years,4.0,64,"Jan 9 - Feb 5, 2024",01/09/2024,2024-02-05,23.6,21.3,25.9,21.3 - 25.9,NA
Symptoms of Depressive Disorder,By Age,United States,30 - 39 years,4.0,64,"Jan 9 - Feb 5, 2024",01/09/2024,2024-02-05,15.9,14.7,17,14.7 - 17.0,NA
Symptoms of Depressive Disorder,By Age,United States,40 - 49 years,4.0,64,"Jan 9 - Feb 5, 2024",01/09/2024,2024-02-05,13.2,12.2,14.3,12.2 - 14.3,NA
Symptoms of Depressive Disorder,By Age,United States,50 - 59 years,4.0,64,"Jan 9 - Feb 5, 2024",01/09/2024,2024-02-05,12.1,11,13.3,11.0 - 13.3,NA
Symptoms of Depressive Disorder,By Age,United States,60 - 69 years,4.0,64,"Jan 9 - Feb 5, 2024",01/09/2024,2024-02-05,9.5,8.6,10.5,8.6 - 10.5,NA
Symptoms of Depressive Disorder,By Age,United States,70 - 79 years,4.0,64,"Jan 9 - Feb 5, 2024",01/09/2024,2024-02-05,5.6,5,6.3,5.0 - 6.3,NA
Symptoms of Depressive Disorder,By Age,United States,80 years and above,4.0,64,"Jan 9 - Feb 5, 2024",01/09/2024,2024-02-05,7.1,5.2,9.4,5.2 - 9.4,NA
Symptoms of Depressive Disorder,By Age,United States,18 - 29 years,4.0,65,"Feb 6 - Mar 4, 2024",02/06/2024,2024-03-04,24.1,21.9,26.5,21.9 - 26.5,NA
Symptoms of Depressive Disorder,By Age,United States,30 - 39 years,4.0,65,"Feb 6 - Mar 4, 2024",02/06/2024,2024-03-04,17.7,16.4,19.1,16.4 - 19.1,NA
Symptoms of Depressive Disorder,By Age,United States,40 - 49 years,4.0,65,"Feb 6 - Mar 4, 2024",02/06/2024,2024-03-04,12.8,11.9,13.8,11.9 - 13.8,NA
Symptoms of Depressive Disorder,By Age,United States,50 - 59 years,4.0,65,"Feb 6 - Mar 4, 2024",02/06/2024,2024-03-04,12.1,11,13.1,11.0 - 13.1,NA
Symptoms of Depressive Disorder,By Age,United States,60 - 69 years,4.0,65,"Feb 6 - Mar 4, 2024",02/06/2024,2024-03-04,9,8.1,10,8.1 - 10.0,NA
Symptoms of Depressive Disorder,By Age,United States,70 - 79 years,4.0,65,"Feb 6 - Mar 4, 2024",02/06/2024,2024-03-04,5.7,5.1,6.4,5.1 - 6.4,NA
Symptoms of Depressive Disorder,By Age,United States,80 years and above,4.0,65,"Feb 6 - Mar 4, 2024",02/06/2024,2024-03-04,7,4.4,10.4,4.4 - 10.4,NA
